profile_id,wait_months
ANG MO KIO|2 ROOM|80+|<500m|13+,3.71
ANG MO KIO|2 ROOM|<60|500m-1km|1-6,6.78
ANG MO KIO|2 ROOM|<60|500m-1km|7-12,8.14
ANG MO KIO|2 ROOM|<60|<500m|1-6,1.59
ANG MO KIO|2 ROOM|<60|<500m|7-12,2.88
ANG MO KIO|3 ROOM|60-79|500m-1km|1-6,9.06
ANG MO KIO|3 ROOM|60-79|<500m|1-6,6.09
ANG MO KIO|3 ROOM|80+|500m-1km|1-6,10.23
ANG MO KIO|3 ROOM|80+|500m-1km|13+,3.65
ANG MO KIO|3 ROOM|80+|500m-1km|7-12,12.48
ANG MO KIO|3 ROOM|80+|<500m|1-6,11.09
ANG MO KIO|3 ROOM|80+|<500m|13+,3.03
ANG MO KIO|3 ROOM|80+|<500m|7-12,8.81
ANG MO KIO|3 ROOM|<60|500m-1km|1-6,0.15
ANG MO KIO|3 ROOM|<60|500m-1km|13+,3.47
ANG MO KIO|3 ROOM|<60|500m-1km|7-12,0.22
ANG MO KIO|3 ROOM|<60|<500m|1-6,0.19
ANG MO KIO|3 ROOM|<60|<500m|13+,13.41
ANG MO KIO|3 ROOM|<60|<500m|7-12,0.28
ANG MO KIO|3 ROOM|<60|>1km|1-6,1.24
ANG MO KIO|3 ROOM|<60|>1km|13+,8.54
ANG MO KIO|3 ROOM|<60|>1km|7-12,1.72
ANG MO KIO|4 ROOM|60-79|500m-1km|1-6,2.38
ANG MO KIO|4 ROOM|60-79|500m-1km|13+,2.18
ANG MO KIO|4 ROOM|60-79|500m-1km|7-12,2.85
ANG MO KIO|4 ROOM|60-79|<500m|1-6,1.74
ANG MO KIO|4 ROOM|60-79|<500m|13+,3.97
ANG MO KIO|4 ROOM|60-79|<500m|7-12,2.31
ANG MO KIO|4 ROOM|80+|500m-1km|1-6,5.87
ANG MO KIO|4 ROOM|80+|500m-1km|13+,2.92
ANG MO KIO|4 ROOM|80+|500m-1km|7-12,7.32
ANG MO KIO|4 ROOM|80+|<500m|1-6,7.7
ANG MO KIO|4 ROOM|80+|<500m|13+,1.81
ANG MO KIO|4 ROOM|80+|<500m|7-12,6.88
ANG MO KIO|4 ROOM|<60|500m-1km|1-6,0.17
ANG MO KIO|4 ROOM|<60|500m-1km|13+,4.23
ANG MO KIO|4 ROOM|<60|500m-1km|7-12,0.17
ANG MO KIO|4 ROOM|<60|<500m|1-6,0.3
ANG MO KIO|4 ROOM|<60|<500m|13+,3.48
ANG MO KIO|4 ROOM|<60|<500m|7-12,0.23
ANG MO KIO|4 ROOM|<60|>1km|1-6,1.71
ANG MO KIO|4 ROOM|<60|>1km|13+,14.44
ANG MO KIO|4 ROOM|<60|>1km|7-12,1.41
ANG MO KIO|5 ROOM|60-79|500m-1km|1-6,2.84
ANG MO KIO|5 ROOM|60-79|500m-1km|13+,1.23
ANG MO KIO|5 ROOM|60-79|500m-1km|7-12,1.59
ANG MO KIO|5 ROOM|60-79|<500m|1-6,1.48
ANG MO KIO|5 ROOM|60-79|<500m|13+,3.98
ANG MO KIO|5 ROOM|60-79|<500m|7-12,1.46
ANG MO KIO|5 ROOM|80+|500m-1km|1-6,20.88
ANG MO KIO|5 ROOM|80+|500m-1km|13+,4.87
ANG MO KIO|5 ROOM|80+|500m-1km|7-12,17.92
ANG MO KIO|5 ROOM|80+|<500m|1-6,3.14
ANG MO KIO|5 ROOM|80+|<500m|13+,1.21
ANG MO KIO|5 ROOM|80+|<500m|7-12,2.2
ANG MO KIO|5 ROOM|<60|500m-1km|1-6,0.24
ANG MO KIO|5 ROOM|<60|500m-1km|13+,2.43
ANG MO KIO|5 ROOM|<60|500m-1km|7-12,0.27
ANG MO KIO|5 ROOM|<60|<500m|1-6,0.33
ANG MO KIO|5 ROOM|<60|<500m|13+,1.33
ANG MO KIO|5 ROOM|<60|<500m|7-12,0.28
ANG MO KIO|5 ROOM|<60|>1km|1-6,2.75
ANG MO KIO|5 ROOM|<60|>1km|13+,9.63
ANG MO KIO|5 ROOM|<60|>1km|7-12,2.06
ANG MO KIO|EXECUTIVE|60-79|500m-1km|1-6,2.93
ANG MO KIO|EXECUTIVE|60-79|500m-1km|13+,51.7
ANG MO KIO|EXECUTIVE|60-79|500m-1km|7-12,4.35
ANG MO KIO|EXECUTIVE|60-79|<500m|1-6,2.83
ANG MO KIO|EXECUTIVE|60-79|<500m|7-12,7.62
ANG MO KIO|EXECUTIVE|<60|500m-1km|1-6,0.11
ANG MO KIO|EXECUTIVE|<60|500m-1km|13+,0.89
ANG MO KIO|EXECUTIVE|<60|500m-1km|7-12,0.09
ANG MO KIO|EXECUTIVE|<60|<500m|1-6,0.22
ANG MO KIO|EXECUTIVE|<60|<500m|13+,1.45
ANG MO KIO|EXECUTIVE|<60|<500m|7-12,0.17
ANG MO KIO|EXECUTIVE|<60|>1km|1-6,0.6
ANG MO KIO|EXECUTIVE|<60|>1km|13+,1.07
BEDOK|2 ROOM|80+|500m-1km|1-6,5.97
BEDOK|2 ROOM|80+|500m-1km|13+,4.22
BEDOK|2 ROOM|80+|500m-1km|7-12,5.49
BEDOK|2 ROOM|<60|500m-1km|1-6,4.93
BEDOK|2 ROOM|<60|500m-1km|13+,36.27
BEDOK|2 ROOM|<60|500m-1km|7-12,5.51
BEDOK|2 ROOM|<60|<500m|1-6,6.18
BEDOK|2 ROOM|<60|<500m|13+,151.38
BEDOK|2 ROOM|<60|<500m|7-12,17.94
BEDOK|3 ROOM|60-79|<500m|1-6,7.38
BEDOK|3 ROOM|60-79|<500m|7-12,7.82
BEDOK|3 ROOM|80+|500m-1km|1-6,1.03
BEDOK|3 ROOM|80+|500m-1km|13+,1.27
BEDOK|3 ROOM|80+|500m-1km|7-12,0.94
BEDOK|3 ROOM|80+|<500m|1-6,3.82
BEDOK|3 ROOM|80+|<500m|13+,9.7
BEDOK|3 ROOM|80+|<500m|7-12,6.19
BEDOK|3 ROOM|<60|500m-1km|1-6,0.15
BEDOK|3 ROOM|<60|500m-1km|13+,1.38
BEDOK|3 ROOM|<60|500m-1km|7-12,0.23
BEDOK|3 ROOM|<60|<500m|1-6,0.21
BEDOK|3 ROOM|<60|<500m|13+,3.09
BEDOK|3 ROOM|<60|<500m|7-12,0.4
BEDOK|4 ROOM|60-79|500m-1km|1-6,2.64
BEDOK|4 ROOM|60-79|500m-1km|13+,4.3
BEDOK|4 ROOM|60-79|500m-1km|7-12,1.88
BEDOK|4 ROOM|60-79|<500m|1-6,0.43
BEDOK|4 ROOM|60-79|<500m|13+,2.16
BEDOK|4 ROOM|60-79|<500m|7-12,0.76
BEDOK|4 ROOM|80+|500m-1km|1-6,1.03
BEDOK|4 ROOM|80+|500m-1km|13+,0.89
BEDOK|4 ROOM|80+|500m-1km|7-12,0.84
BEDOK|4 ROOM|80+|<500m|1-6,2.85
BEDOK|4 ROOM|80+|<500m|13+,3.95
BEDOK|4 ROOM|80+|<500m|7-12,2.01
BEDOK|4 ROOM|<60|500m-1km|1-6,0.11
BEDOK|4 ROOM|<60|500m-1km|13+,0.84
BEDOK|4 ROOM|<60|500m-1km|7-12,0.13
BEDOK|4 ROOM|<60|<500m|1-6,0.24
BEDOK|4 ROOM|<60|<500m|13+,2.96
BEDOK|4 ROOM|<60|<500m|7-12,0.3
BEDOK|5 ROOM|60-79|500m-1km|1-6,0.53
BEDOK|5 ROOM|60-79|500m-1km|13+,0.91
BEDOK|5 ROOM|60-79|500m-1km|7-12,0.61
BEDOK|5 ROOM|60-79|<500m|1-6,0.24
BEDOK|5 ROOM|60-79|<500m|13+,0.65
BEDOK|5 ROOM|60-79|<500m|7-12,0.26
BEDOK|5 ROOM|80+|500m-1km|1-6,1.23
BEDOK|5 ROOM|80+|500m-1km|13+,2.65
BEDOK|5 ROOM|80+|500m-1km|7-12,1.83
BEDOK|5 ROOM|80+|<500m|1-6,1.06
BEDOK|5 ROOM|80+|<500m|13+,3.26
BEDOK|5 ROOM|80+|<500m|7-12,0.98
BEDOK|5 ROOM|<60|500m-1km|1-6,0.19
BEDOK|5 ROOM|<60|500m-1km|13+,0.44
BEDOK|5 ROOM|<60|500m-1km|7-12,0.19
BEDOK|5 ROOM|<60|<500m|1-6,0.39
BEDOK|5 ROOM|<60|<500m|13+,1.25
BEDOK|5 ROOM|<60|<500m|7-12,0.45
BEDOK|EXECUTIVE|60-79|500m-1km|1-6,0.38
BEDOK|EXECUTIVE|60-79|500m-1km|13+,0.99
BEDOK|EXECUTIVE|60-79|500m-1km|7-12,0.44
BEDOK|EXECUTIVE|60-79|<500m|1-6,1.01
BEDOK|EXECUTIVE|60-79|<500m|13+,9.93
BEDOK|EXECUTIVE|60-79|<500m|7-12,1.86
BEDOK|EXECUTIVE|<60|500m-1km|1-6,0.17
BEDOK|EXECUTIVE|<60|500m-1km|13+,1.09
BEDOK|EXECUTIVE|<60|500m-1km|7-12,0.19
BEDOK|EXECUTIVE|<60|<500m|1-6,0.31
BEDOK|EXECUTIVE|<60|<500m|13+,7.75
BEDOK|EXECUTIVE|<60|<500m|7-12,0.27
BISHAN|3 ROOM|60-79|500m-1km|1-6,2.46
BISHAN|3 ROOM|60-79|500m-1km|7-12,5.68
BISHAN|3 ROOM|60-79|<500m|1-6,4.09
BISHAN|3 ROOM|60-79|<500m|7-12,3.85
BISHAN|3 ROOM|<60|500m-1km|1-6,2.19
BISHAN|3 ROOM|<60|500m-1km|7-12,5.9
BISHAN|3 ROOM|<60|<500m|1-6,0.63
BISHAN|3 ROOM|<60|<500m|13+,11.13
BISHAN|3 ROOM|<60|<500m|7-12,1.25
BISHAN|4 ROOM|60-79|500m-1km|1-6,0.29
BISHAN|4 ROOM|60-79|500m-1km|13+,1.11
BISHAN|4 ROOM|60-79|500m-1km|7-12,0.46
BISHAN|4 ROOM|60-79|<500m|1-6,0.86
BISHAN|4 ROOM|60-79|<500m|13+,11.09
BISHAN|4 ROOM|60-79|<500m|7-12,1.09
BISHAN|4 ROOM|60-79|>1km|1-6,1.84
BISHAN|4 ROOM|60-79|>1km|13+,4.07
BISHAN|4 ROOM|60-79|>1km|7-12,1.76
BISHAN|4 ROOM|80+|500m-1km|1-6,39.31
BISHAN|4 ROOM|80+|500m-1km|13+,13.62
BISHAN|4 ROOM|80+|500m-1km|7-12,45.72
BISHAN|4 ROOM|<60|500m-1km|1-6,0.6
BISHAN|4 ROOM|<60|500m-1km|7-12,0.78
BISHAN|4 ROOM|<60|<500m|1-6,0.51
BISHAN|4 ROOM|<60|<500m|13+,9.65
BISHAN|4 ROOM|<60|<500m|7-12,0.63
BISHAN|5 ROOM|60-79|500m-1km|1-6,0.48
BISHAN|5 ROOM|60-79|500m-1km|13+,0.6
BISHAN|5 ROOM|60-79|500m-1km|7-12,0.21
BISHAN|5 ROOM|60-79|<500m|1-6,1.53
BISHAN|5 ROOM|60-79|<500m|13+,1.97
BISHAN|5 ROOM|60-79|<500m|7-12,1.02
BISHAN|5 ROOM|60-79|>1km|1-6,0.86
BISHAN|5 ROOM|60-79|>1km|13+,1.87
BISHAN|5 ROOM|60-79|>1km|7-12,0.46
BISHAN|5 ROOM|80+|500m-1km|1-6,9.78
BISHAN|5 ROOM|80+|500m-1km|13+,2.61
BISHAN|5 ROOM|80+|500m-1km|7-12,14.52
BISHAN|5 ROOM|<60|500m-1km|1-6,0.78
BISHAN|5 ROOM|<60|500m-1km|13+,4.36
BISHAN|5 ROOM|<60|500m-1km|7-12,1.21
BISHAN|5 ROOM|<60|<500m|1-6,0.6
BISHAN|5 ROOM|<60|<500m|13+,1.39
BISHAN|5 ROOM|<60|<500m|7-12,0.71
BISHAN|EXECUTIVE|60-79|500m-1km|1-6,0.39
BISHAN|EXECUTIVE|60-79|500m-1km|13+,0.88
BISHAN|EXECUTIVE|60-79|500m-1km|7-12,0.7
BISHAN|EXECUTIVE|60-79|<500m|1-6,0.82
BISHAN|EXECUTIVE|60-79|<500m|13+,0.57
BISHAN|EXECUTIVE|60-79|<500m|7-12,0.42
BISHAN|EXECUTIVE|60-79|>1km|1-6,0.42
BISHAN|EXECUTIVE|60-79|>1km|13+,34.02
BISHAN|EXECUTIVE|60-79|>1km|7-12,1.67
BISHAN|EXECUTIVE|<60|500m-1km|1-6,1.47
BISHAN|EXECUTIVE|<60|500m-1km|7-12,10.55
BISHAN|EXECUTIVE|<60|<500m|1-6,1.05
BISHAN|EXECUTIVE|<60|<500m|13+,0.54
BISHAN|EXECUTIVE|<60|<500m|7-12,1.98
BUKIT BATOK|2 ROOM|80+|500m-1km|1-6,5.41
BUKIT BATOK|2 ROOM|80+|500m-1km|13+,2.73
BUKIT BATOK|2 ROOM|80+|500m-1km|7-12,3.66
BUKIT BATOK|2 ROOM|80+|>1km|1-6,1.66
BUKIT BATOK|2 ROOM|80+|>1km|13+,1.72
BUKIT BATOK|2 ROOM|80+|>1km|7-12,2.18
BUKIT BATOK|3 ROOM|60-79|500m-1km|1-6,0.74
BUKIT BATOK|3 ROOM|60-79|500m-1km|7-12,1.3
BUKIT BATOK|3 ROOM|60-79|<500m|1-6,1.27
BUKIT BATOK|3 ROOM|60-79|<500m|7-12,7.41
BUKIT BATOK|3 ROOM|80+|500m-1km|1-6,3.81
BUKIT BATOK|3 ROOM|80+|500m-1km|13+,2.47
BUKIT BATOK|3 ROOM|80+|500m-1km|7-12,3.42
BUKIT BATOK|3 ROOM|80+|<500m|1-6,21.13
BUKIT BATOK|3 ROOM|80+|<500m|13+,14.46
BUKIT BATOK|3 ROOM|80+|<500m|7-12,45.79
BUKIT BATOK|3 ROOM|80+|>1km|1-6,1.45
BUKIT BATOK|3 ROOM|80+|>1km|13+,1.58
BUKIT BATOK|3 ROOM|80+|>1km|7-12,1.18
BUKIT BATOK|3 ROOM|<60|500m-1km|1-6,0.13
BUKIT BATOK|3 ROOM|<60|500m-1km|13+,17.83
BUKIT BATOK|3 ROOM|<60|500m-1km|7-12,0.39
BUKIT BATOK|3 ROOM|<60|<500m|1-6,0.27
BUKIT BATOK|3 ROOM|<60|<500m|13+,7.66
BUKIT BATOK|3 ROOM|<60|<500m|7-12,0.42
BUKIT BATOK|3 ROOM|<60|>1km|1-6,1.76
BUKIT BATOK|3 ROOM|<60|>1km|7-12,2.11
BUKIT BATOK|4 ROOM|60-79|500m-1km|1-6,0.91
BUKIT BATOK|4 ROOM|60-79|500m-1km|13+,1.52
BUKIT BATOK|4 ROOM|60-79|500m-1km|7-12,1.15
BUKIT BATOK|4 ROOM|60-79|<500m|1-6,0.61
BUKIT BATOK|4 ROOM|60-79|<500m|13+,2.5
BUKIT BATOK|4 ROOM|60-79|<500m|7-12,1.85
BUKIT BATOK|4 ROOM|60-79|>1km|1-6,3.24
BUKIT BATOK|4 ROOM|60-79|>1km|13+,4.84
BUKIT BATOK|4 ROOM|60-79|>1km|7-12,3.7
BUKIT BATOK|4 ROOM|80+|500m-1km|1-6,2.33
BUKIT BATOK|4 ROOM|80+|500m-1km|13+,0.97
BUKIT BATOK|4 ROOM|80+|500m-1km|7-12,2.04
BUKIT BATOK|4 ROOM|80+|>1km|1-6,0.75
BUKIT BATOK|4 ROOM|80+|>1km|13+,1.14
BUKIT BATOK|4 ROOM|80+|>1km|7-12,0.58
BUKIT BATOK|4 ROOM|<60|500m-1km|1-6,0.13
BUKIT BATOK|4 ROOM|<60|500m-1km|13+,3.32
BUKIT BATOK|4 ROOM|<60|500m-1km|7-12,0.32
BUKIT BATOK|4 ROOM|<60|<500m|1-6,0.2
BUKIT BATOK|4 ROOM|<60|<500m|13+,12.5
BUKIT BATOK|4 ROOM|<60|<500m|7-12,0.3
BUKIT BATOK|4 ROOM|<60|>1km|1-6,1.13
BUKIT BATOK|4 ROOM|<60|>1km|7-12,1.82
BUKIT BATOK|5 ROOM|60-79|500m-1km|1-6,1.0
BUKIT BATOK|5 ROOM|60-79|500m-1km|13+,1.0
BUKIT BATOK|5 ROOM|60-79|500m-1km|7-12,0.7
BUKIT BATOK|5 ROOM|60-79|<500m|1-6,1.71
BUKIT BATOK|5 ROOM|60-79|<500m|13+,2.05
BUKIT BATOK|5 ROOM|60-79|<500m|7-12,2.09
BUKIT BATOK|5 ROOM|60-79|>1km|1-6,1.01
BUKIT BATOK|5 ROOM|60-79|>1km|13+,1.52
BUKIT BATOK|5 ROOM|60-79|>1km|7-12,0.79
BUKIT BATOK|5 ROOM|80+|500m-1km|1-6,3.15
BUKIT BATOK|5 ROOM|80+|500m-1km|13+,0.64
BUKIT BATOK|5 ROOM|80+|500m-1km|7-12,3.08
BUKIT BATOK|5 ROOM|80+|>1km|1-6,1.91
BUKIT BATOK|5 ROOM|80+|>1km|13+,2.73
BUKIT BATOK|5 ROOM|80+|>1km|7-12,1.27
BUKIT BATOK|5 ROOM|<60|500m-1km|1-6,0.36
BUKIT BATOK|5 ROOM|<60|500m-1km|13+,3.23
BUKIT BATOK|5 ROOM|<60|500m-1km|7-12,0.56
BUKIT BATOK|5 ROOM|<60|<500m|1-6,0.5
BUKIT BATOK|5 ROOM|<60|<500m|13+,1.83
BUKIT BATOK|5 ROOM|<60|<500m|7-12,0.86
BUKIT BATOK|EXECUTIVE|60-79|500m-1km|1-6,1.68
BUKIT BATOK|EXECUTIVE|60-79|500m-1km|13+,1.97
BUKIT BATOK|EXECUTIVE|60-79|500m-1km|7-12,2.44
BUKIT BATOK|EXECUTIVE|60-79|<500m|1-6,4.51
BUKIT BATOK|EXECUTIVE|60-79|<500m|13+,14.54
BUKIT BATOK|EXECUTIVE|60-79|<500m|7-12,18.35
BUKIT BATOK|EXECUTIVE|60-79|>1km|1-6,0.88
BUKIT BATOK|EXECUTIVE|60-79|>1km|13+,1.88
BUKIT BATOK|EXECUTIVE|60-79|>1km|7-12,0.79
BUKIT BATOK|EXECUTIVE|<60|500m-1km|1-6,0.35
BUKIT BATOK|EXECUTIVE|<60|500m-1km|13+,2.65
BUKIT BATOK|EXECUTIVE|<60|500m-1km|7-12,0.53
BUKIT BATOK|EXECUTIVE|<60|<500m|1-6,0.26
BUKIT BATOK|EXECUTIVE|<60|<500m|13+,3.79
BUKIT BATOK|EXECUTIVE|<60|<500m|7-12,0.95
BUKIT MERAH|2 ROOM|80+|500m-1km|1-6,7.2
BUKIT MERAH|2 ROOM|80+|500m-1km|13+,3.52
BUKIT MERAH|2 ROOM|80+|500m-1km|7-12,4.52
BUKIT MERAH|2 ROOM|<60|500m-1km|1-6,20.12
BUKIT MERAH|2 ROOM|<60|500m-1km|13+,62.52
BUKIT MERAH|2 ROOM|<60|500m-1km|7-12,15.63
BUKIT MERAH|2 ROOM|<60|<500m|1-6,0.66
BUKIT MERAH|2 ROOM|<60|<500m|13+,30.99
BUKIT MERAH|2 ROOM|<60|<500m|7-12,1.28
BUKIT MERAH|3 ROOM|60-79|500m-1km|1-6,3.3
BUKIT MERAH|3 ROOM|60-79|<500m|1-6,4.15
BUKIT MERAH|3 ROOM|60-79|<500m|13+,2.34
BUKIT MERAH|3 ROOM|60-79|<500m|7-12,11.43
BUKIT MERAH|3 ROOM|80+|500m-1km|1-6,6.8
BUKIT MERAH|3 ROOM|80+|500m-1km|13+,1.28
BUKIT MERAH|3 ROOM|80+|500m-1km|7-12,4.54
BUKIT MERAH|3 ROOM|80+|<500m|1-6,5.49
BUKIT MERAH|3 ROOM|80+|<500m|13+,1.31
BUKIT MERAH|3 ROOM|80+|<500m|7-12,3.59
BUKIT MERAH|3 ROOM|80+|>1km|1-6,24.76
BUKIT MERAH|3 ROOM|80+|>1km|13+,7.56
BUKIT MERAH|3 ROOM|80+|>1km|7-12,9.82
BUKIT MERAH|3 ROOM|<60|500m-1km|1-6,0.32
BUKIT MERAH|3 ROOM|<60|500m-1km|13+,1.92
BUKIT MERAH|3 ROOM|<60|500m-1km|7-12,0.42
BUKIT MERAH|3 ROOM|<60|<500m|1-6,0.18
BUKIT MERAH|3 ROOM|<60|<500m|13+,5.79
BUKIT MERAH|3 ROOM|<60|<500m|7-12,0.44
BUKIT MERAH|3 ROOM|<60|>1km|1-6,1.35
BUKIT MERAH|3 ROOM|<60|>1km|13+,2.6
BUKIT MERAH|3 ROOM|<60|>1km|7-12,1.27
BUKIT MERAH|4 ROOM|60-79|500m-1km|1-6,1.62
BUKIT MERAH|4 ROOM|60-79|500m-1km|13+,1.31
BUKIT MERAH|4 ROOM|60-79|500m-1km|7-12,1.58
BUKIT MERAH|4 ROOM|60-79|<500m|1-6,0.76
BUKIT MERAH|4 ROOM|60-79|<500m|13+,0.48
BUKIT MERAH|4 ROOM|60-79|<500m|7-12,0.73
BUKIT MERAH|4 ROOM|60-79|>1km|1-6,2.18
BUKIT MERAH|4 ROOM|60-79|>1km|13+,1.79
BUKIT MERAH|4 ROOM|60-79|>1km|7-12,2.11
BUKIT MERAH|4 ROOM|80+|500m-1km|1-6,6.96
BUKIT MERAH|4 ROOM|80+|500m-1km|13+,1.19
BUKIT MERAH|4 ROOM|80+|500m-1km|7-12,4.58
BUKIT MERAH|4 ROOM|80+|<500m|1-6,2.72
BUKIT MERAH|4 ROOM|80+|<500m|13+,0.66
BUKIT MERAH|4 ROOM|80+|<500m|7-12,2.86
BUKIT MERAH|4 ROOM|80+|>1km|1-6,22.15
BUKIT MERAH|4 ROOM|80+|>1km|13+,15.85
BUKIT MERAH|4 ROOM|80+|>1km|7-12,16.85
BUKIT MERAH|4 ROOM|<60|500m-1km|1-6,0.33
BUKIT MERAH|4 ROOM|<60|500m-1km|13+,2.74
BUKIT MERAH|4 ROOM|<60|500m-1km|7-12,0.48
BUKIT MERAH|4 ROOM|<60|<500m|1-6,0.36
BUKIT MERAH|4 ROOM|<60|<500m|13+,7.19
BUKIT MERAH|4 ROOM|<60|<500m|7-12,0.57
BUKIT MERAH|4 ROOM|<60|>1km|1-6,30.92
BUKIT MERAH|4 ROOM|<60|>1km|13+,60.2
BUKIT MERAH|4 ROOM|<60|>1km|7-12,23.14
BUKIT MERAH|5 ROOM|60-79|500m-1km|1-6,1.14
BUKIT MERAH|5 ROOM|60-79|500m-1km|13+,0.62
BUKIT MERAH|5 ROOM|60-79|500m-1km|7-12,1.12
BUKIT MERAH|5 ROOM|60-79|<500m|1-6,0.57
BUKIT MERAH|5 ROOM|60-79|<500m|13+,0.24
BUKIT MERAH|5 ROOM|60-79|<500m|7-12,0.61
BUKIT MERAH|5 ROOM|60-79|>1km|1-6,2.23
BUKIT MERAH|5 ROOM|60-79|>1km|13+,1.81
BUKIT MERAH|5 ROOM|60-79|>1km|7-12,2.97
BUKIT MERAH|5 ROOM|80+|500m-1km|1-6,34.58
BUKIT MERAH|5 ROOM|80+|500m-1km|13+,2.25
BUKIT MERAH|5 ROOM|80+|500m-1km|7-12,29.05
BUKIT MERAH|5 ROOM|80+|<500m|1-6,8.1
BUKIT MERAH|5 ROOM|80+|<500m|13+,2.2
BUKIT MERAH|5 ROOM|80+|<500m|7-12,4.14
BUKIT MERAH|5 ROOM|<60|500m-1km|1-6,0.59
BUKIT MERAH|5 ROOM|<60|500m-1km|13+,1.35
BUKIT MERAH|5 ROOM|<60|500m-1km|7-12,0.65
BUKIT MERAH|5 ROOM|<60|<500m|1-6,0.9
BUKIT MERAH|5 ROOM|<60|<500m|13+,0.65
BUKIT MERAH|5 ROOM|<60|<500m|7-12,0.87
BUKIT MERAH|5 ROOM|<60|>1km|1-6,1.5
BUKIT MERAH|5 ROOM|<60|>1km|13+,2.32
BUKIT MERAH|5 ROOM|<60|>1km|7-12,0.84
BUKIT MERAH|EXECUTIVE|<60|500m-1km|7-12,0.7
BUKIT MERAH|EXECUTIVE|<60|<500m|1-6,0.86
BUKIT PANJANG|2 ROOM|80+|500m-1km|1-6,10.79
BUKIT PANJANG|2 ROOM|80+|500m-1km|13+,3.95
BUKIT PANJANG|2 ROOM|80+|500m-1km|7-12,7.9
BUKIT PANJANG|2 ROOM|80+|<500m|1-6,66.42
BUKIT PANJANG|2 ROOM|80+|<500m|13+,19.53
BUKIT PANJANG|2 ROOM|80+|<500m|7-12,66.42
BUKIT PANJANG|2 ROOM|80+|>1km|1-6,6.88
BUKIT PANJANG|2 ROOM|80+|>1km|13+,5.44
BUKIT PANJANG|2 ROOM|80+|>1km|7-12,4.76
BUKIT PANJANG|3 ROOM|60-79|500m-1km|1-6,0.54
BUKIT PANJANG|3 ROOM|60-79|500m-1km|7-12,1.21
BUKIT PANJANG|3 ROOM|60-79|>1km|1-6,0.94
BUKIT PANJANG|3 ROOM|60-79|>1km|7-12,1.68
BUKIT PANJANG|3 ROOM|80+|500m-1km|1-6,50.79
BUKIT PANJANG|3 ROOM|80+|500m-1km|13+,8.84
BUKIT PANJANG|3 ROOM|80+|500m-1km|7-12,16.66
BUKIT PANJANG|3 ROOM|80+|<500m|1-6,18.79
BUKIT PANJANG|3 ROOM|80+|<500m|13+,10.12
BUKIT PANJANG|3 ROOM|80+|<500m|7-12,43.84
BUKIT PANJANG|3 ROOM|80+|>1km|1-6,1.83
BUKIT PANJANG|3 ROOM|80+|>1km|13+,2.02
BUKIT PANJANG|3 ROOM|80+|>1km|7-12,1.39
BUKIT PANJANG|3 ROOM|<60|500m-1km|1-6,3.78
BUKIT PANJANG|4 ROOM|60-79|500m-1km|1-6,0.21
BUKIT PANJANG|4 ROOM|60-79|500m-1km|13+,0.82
BUKIT PANJANG|4 ROOM|60-79|500m-1km|7-12,0.34
BUKIT PANJANG|4 ROOM|60-79|<500m|1-6,1.33
BUKIT PANJANG|4 ROOM|60-79|<500m|13+,0.76
BUKIT PANJANG|4 ROOM|60-79|<500m|7-12,1.26
BUKIT PANJANG|4 ROOM|60-79|>1km|1-6,0.21
BUKIT PANJANG|4 ROOM|60-79|>1km|13+,1.22
BUKIT PANJANG|4 ROOM|60-79|>1km|7-12,0.25
BUKIT PANJANG|4 ROOM|80+|500m-1km|1-6,4.87
BUKIT PANJANG|4 ROOM|80+|500m-1km|13+,2.29
BUKIT PANJANG|4 ROOM|80+|500m-1km|7-12,4.41
BUKIT PANJANG|4 ROOM|80+|<500m|1-6,221.5
BUKIT PANJANG|4 ROOM|80+|<500m|13+,75.54
BUKIT PANJANG|4 ROOM|80+|<500m|7-12,140.87
BUKIT PANJANG|4 ROOM|80+|>1km|1-6,1.51
BUKIT PANJANG|4 ROOM|80+|>1km|13+,1.53
BUKIT PANJANG|4 ROOM|80+|>1km|7-12,1.09
BUKIT PANJANG|4 ROOM|<60|500m-1km|7-12,2.49
BUKIT PANJANG|4 ROOM|<60|>1km|1-6,4.28
BUKIT PANJANG|4 ROOM|<60|>1km|7-12,4.53
BUKIT PANJANG|5 ROOM|60-79|500m-1km|1-6,0.54
BUKIT PANJANG|5 ROOM|60-79|500m-1km|13+,0.93
BUKIT PANJANG|5 ROOM|60-79|500m-1km|7-12,0.62
BUKIT PANJANG|5 ROOM|60-79|<500m|1-6,2.67
BUKIT PANJANG|5 ROOM|60-79|<500m|13+,0.74
BUKIT PANJANG|5 ROOM|60-79|<500m|7-12,2.05
BUKIT PANJANG|5 ROOM|60-79|>1km|1-6,0.18
BUKIT PANJANG|5 ROOM|60-79|>1km|13+,0.72
BUKIT PANJANG|5 ROOM|60-79|>1km|7-12,0.23
BUKIT PANJANG|5 ROOM|80+|500m-1km|1-6,5.07
BUKIT PANJANG|5 ROOM|80+|500m-1km|13+,1.56
BUKIT PANJANG|5 ROOM|80+|500m-1km|7-12,2.83
BUKIT PANJANG|5 ROOM|80+|>1km|1-6,6.17
BUKIT PANJANG|5 ROOM|80+|>1km|13+,7.76
BUKIT PANJANG|5 ROOM|80+|>1km|7-12,6.05
BUKIT PANJANG|EXECUTIVE|60-79|500m-1km|1-6,0.26
BUKIT PANJANG|EXECUTIVE|60-79|500m-1km|13+,0.53
BUKIT PANJANG|EXECUTIVE|60-79|500m-1km|7-12,0.57
BUKIT PANJANG|EXECUTIVE|60-79|<500m|1-6,1.78
BUKIT PANJANG|EXECUTIVE|60-79|<500m|13+,1.18
BUKIT PANJANG|EXECUTIVE|60-79|<500m|7-12,1.43
BUKIT PANJANG|EXECUTIVE|60-79|>1km|1-6,0.18
BUKIT PANJANG|EXECUTIVE|60-79|>1km|13+,0.36
BUKIT PANJANG|EXECUTIVE|60-79|>1km|7-12,0.28
BUKIT TIMAH|3 ROOM|60-79|<500m|1-6,4.7
BUKIT TIMAH|3 ROOM|<60|<500m|1-6,10.44
BUKIT TIMAH|3 ROOM|<60|<500m|13+,104.55
BUKIT TIMAH|3 ROOM|<60|<500m|7-12,3.34
BUKIT TIMAH|4 ROOM|60-79|<500m|1-6,2.24
BUKIT TIMAH|4 ROOM|60-79|<500m|13+,15.29
BUKIT TIMAH|4 ROOM|60-79|<500m|7-12,2.08
BUKIT TIMAH|4 ROOM|<60|<500m|1-6,6.52
BUKIT TIMAH|4 ROOM|<60|<500m|7-12,3.96
BUKIT TIMAH|5 ROOM|60-79|<500m|1-6,2.93
BUKIT TIMAH|5 ROOM|60-79|<500m|13+,13.15
BUKIT TIMAH|5 ROOM|60-79|<500m|7-12,2.06
BUKIT TIMAH|5 ROOM|<60|<500m|1-6,5.92
BUKIT TIMAH|5 ROOM|<60|<500m|13+,6.0
BUKIT TIMAH|5 ROOM|<60|<500m|7-12,27.98
BUKIT TIMAH|EXECUTIVE|60-79|<500m|1-6,0.49
BUKIT TIMAH|EXECUTIVE|60-79|<500m|13+,23.78
BUKIT TIMAH|EXECUTIVE|60-79|<500m|7-12,3.07
CENTRAL AREA|2 ROOM|<60|500m-1km|1-6,60.45
CENTRAL AREA|2 ROOM|<60|500m-1km|7-12,20.15
CENTRAL AREA|2 ROOM|<60|<500m|1-6,17.93
CENTRAL AREA|2 ROOM|<60|<500m|13+,33.65
CENTRAL AREA|2 ROOM|<60|<500m|7-12,10.78
CENTRAL AREA|3 ROOM|<60|500m-1km|1-6,73.31
CENTRAL AREA|3 ROOM|<60|500m-1km|7-12,24.44
CENTRAL AREA|3 ROOM|<60|<500m|1-6,0.72
CENTRAL AREA|3 ROOM|<60|<500m|13+,0.87
CENTRAL AREA|3 ROOM|<60|<500m|7-12,0.67
CENTRAL AREA|4 ROOM|60-79|<500m|1-6,8.51
CENTRAL AREA|4 ROOM|60-79|<500m|13+,39.04
CENTRAL AREA|4 ROOM|60-79|<500m|7-12,16.74
CENTRAL AREA|4 ROOM|80+|<500m|1-6,12.14
CENTRAL AREA|4 ROOM|80+|<500m|13+,1.63
CENTRAL AREA|4 ROOM|80+|<500m|7-12,8.46
CENTRAL AREA|4 ROOM|<60|<500m|1-6,1.65
CENTRAL AREA|4 ROOM|<60|<500m|13+,1.12
CENTRAL AREA|4 ROOM|<60|<500m|7-12,1.07
CENTRAL AREA|5 ROOM|60-79|<500m|1-6,62.88
CENTRAL AREA|5 ROOM|60-79|<500m|13+,4.12
CENTRAL AREA|5 ROOM|60-79|<500m|7-12,4.66
CENTRAL AREA|5 ROOM|80+|<500m|1-6,25.04
CENTRAL AREA|5 ROOM|80+|<500m|13+,2.42
CENTRAL AREA|5 ROOM|80+|<500m|7-12,19.39
CENTRAL AREA|5 ROOM|<60|<500m|1-6,0.71
CENTRAL AREA|5 ROOM|<60|<500m|13+,0.33
CENTRAL AREA|5 ROOM|<60|<500m|7-12,2.12
CHOA CHU KANG|2 ROOM|80+|500m-1km|1-6,8.86
CHOA CHU KANG|2 ROOM|80+|500m-1km|13+,12.15
CHOA CHU KANG|2 ROOM|80+|500m-1km|7-12,8.55
CHOA CHU KANG|2 ROOM|80+|<500m|13+,15.72
CHOA CHU KANG|2 ROOM|80+|<500m|7-12,4.02
CHOA CHU KANG|2 ROOM|80+|>1km|1-6,2.5
CHOA CHU KANG|2 ROOM|80+|>1km|13+,4.13
CHOA CHU KANG|2 ROOM|80+|>1km|7-12,2.62
CHOA CHU KANG|3 ROOM|60-79|500m-1km|1-6,2.76
CHOA CHU KANG|3 ROOM|60-79|500m-1km|7-12,2.34
CHOA CHU KANG|3 ROOM|80+|500m-1km|1-6,6.65
CHOA CHU KANG|3 ROOM|80+|500m-1km|13+,4.03
CHOA CHU KANG|3 ROOM|80+|500m-1km|7-12,3.78
CHOA CHU KANG|3 ROOM|80+|<500m|1-6,3.16
CHOA CHU KANG|3 ROOM|80+|<500m|13+,16.3
CHOA CHU KANG|3 ROOM|80+|<500m|7-12,2.78
CHOA CHU KANG|3 ROOM|80+|>1km|1-6,1.42
CHOA CHU KANG|3 ROOM|80+|>1km|13+,2.6
CHOA CHU KANG|3 ROOM|80+|>1km|7-12,1.12
CHOA CHU KANG|3 ROOM|<60|500m-1km|1-6,2.45
CHOA CHU KANG|3 ROOM|<60|500m-1km|7-12,1.75
CHOA CHU KANG|3 ROOM|<60|<500m|1-6,17.33
CHOA CHU KANG|3 ROOM|<60|<500m|7-12,22.74
CHOA CHU KANG|4 ROOM|60-79|500m-1km|1-6,0.16
CHOA CHU KANG|4 ROOM|60-79|500m-1km|13+,0.68
CHOA CHU KANG|4 ROOM|60-79|500m-1km|7-12,0.19
CHOA CHU KANG|4 ROOM|60-79|<500m|1-6,0.19
CHOA CHU KANG|4 ROOM|60-79|<500m|13+,0.8
CHOA CHU KANG|4 ROOM|60-79|<500m|7-12,0.23
CHOA CHU KANG|4 ROOM|60-79|>1km|1-6,0.98
CHOA CHU KANG|4 ROOM|60-79|>1km|13+,1.83
CHOA CHU KANG|4 ROOM|60-79|>1km|7-12,1.19
CHOA CHU KANG|4 ROOM|80+|500m-1km|1-6,3.29
CHOA CHU KANG|4 ROOM|80+|500m-1km|13+,2.08
CHOA CHU KANG|4 ROOM|80+|500m-1km|7-12,2.81
CHOA CHU KANG|4 ROOM|80+|<500m|1-6,8.16
CHOA CHU KANG|4 ROOM|80+|<500m|13+,50.24
CHOA CHU KANG|4 ROOM|80+|<500m|7-12,7.56
CHOA CHU KANG|4 ROOM|80+|>1km|1-6,0.73
CHOA CHU KANG|4 ROOM|80+|>1km|13+,1.04
CHOA CHU KANG|4 ROOM|80+|>1km|7-12,0.54
CHOA CHU KANG|4 ROOM|<60|500m-1km|1-6,1.63
CHOA CHU KANG|4 ROOM|<60|500m-1km|13+,13.11
CHOA CHU KANG|4 ROOM|<60|500m-1km|7-12,1.15
CHOA CHU KANG|4 ROOM|<60|<500m|1-6,26.15
CHOA CHU KANG|4 ROOM|<60|<500m|7-12,13.08
CHOA CHU KANG|5 ROOM|60-79|500m-1km|1-6,0.11
CHOA CHU KANG|5 ROOM|60-79|500m-1km|13+,0.28
CHOA CHU KANG|5 ROOM|60-79|500m-1km|7-12,0.13
CHOA CHU KANG|5 ROOM|60-79|<500m|1-6,0.11
CHOA CHU KANG|5 ROOM|60-79|<500m|13+,0.68
CHOA CHU KANG|5 ROOM|60-79|<500m|7-12,0.12
CHOA CHU KANG|5 ROOM|60-79|>1km|1-6,2.42
CHOA CHU KANG|5 ROOM|60-79|>1km|13+,2.18
CHOA CHU KANG|5 ROOM|60-79|>1km|7-12,1.91
CHOA CHU KANG|5 ROOM|80+|500m-1km|1-6,1.66
CHOA CHU KANG|5 ROOM|80+|500m-1km|13+,1.99
CHOA CHU KANG|5 ROOM|80+|500m-1km|7-12,1.74
CHOA CHU KANG|5 ROOM|80+|>1km|1-6,0.66
CHOA CHU KANG|5 ROOM|80+|>1km|13+,0.8
CHOA CHU KANG|5 ROOM|80+|>1km|7-12,0.62
CHOA CHU KANG|5 ROOM|<60|500m-1km|1-6,14.62
CHOA CHU KANG|5 ROOM|<60|500m-1km|13+,5.2
CHOA CHU KANG|5 ROOM|<60|500m-1km|7-12,3.83
CHOA CHU KANG|5 ROOM|<60|<500m|1-6,89.89
CHOA CHU KANG|5 ROOM|<60|<500m|13+,10.23
CHOA CHU KANG|5 ROOM|<60|<500m|7-12,63.19
CHOA CHU KANG|EXECUTIVE|60-79|500m-1km|1-6,0.21
CHOA CHU KANG|EXECUTIVE|60-79|500m-1km|13+,0.98
CHOA CHU KANG|EXECUTIVE|60-79|500m-1km|7-12,0.23
CHOA CHU KANG|EXECUTIVE|60-79|<500m|1-6,0.2
CHOA CHU KANG|EXECUTIVE|60-79|<500m|13+,0.26
CHOA CHU KANG|EXECUTIVE|60-79|<500m|7-12,0.2
CHOA CHU KANG|EXECUTIVE|60-79|>1km|1-6,1.18
CHOA CHU KANG|EXECUTIVE|60-79|>1km|13+,2.77
CHOA CHU KANG|EXECUTIVE|60-79|>1km|7-12,2.64
CLEMENTI|2 ROOM|80+|500m-1km|1-6,20.95
CLEMENTI|2 ROOM|80+|500m-1km|13+,5.08
CLEMENTI|2 ROOM|80+|500m-1km|7-12,17.67
CLEMENTI|2 ROOM|80+|<500m|7-12,17.89
CLEMENTI|2 ROOM|<60|500m-1km|1-6,56.42
CLEMENTI|2 ROOM|<60|500m-1km|7-12,32.24
CLEMENTI|3 ROOM|60-79|500m-1km|1-6,26.35
CLEMENTI|3 ROOM|60-79|500m-1km|13+,6.2
CLEMENTI|3 ROOM|60-79|500m-1km|7-12,9.16
CLEMENTI|3 ROOM|80+|500m-1km|1-6,8.52
CLEMENTI|3 ROOM|80+|500m-1km|13+,1.28
CLEMENTI|3 ROOM|80+|500m-1km|7-12,4.17
CLEMENTI|3 ROOM|80+|<500m|1-6,14.17
CLEMENTI|3 ROOM|80+|<500m|13+,1.69
CLEMENTI|3 ROOM|80+|<500m|7-12,6.11
CLEMENTI|3 ROOM|<60|500m-1km|1-6,0.43
CLEMENTI|3 ROOM|<60|500m-1km|13+,13.07
CLEMENTI|3 ROOM|<60|500m-1km|7-12,0.52
CLEMENTI|3 ROOM|<60|<500m|1-6,0.47
CLEMENTI|3 ROOM|<60|<500m|13+,13.24
CLEMENTI|3 ROOM|<60|<500m|7-12,0.65
CLEMENTI|3 ROOM|<60|>1km|1-6,0.78
CLEMENTI|3 ROOM|<60|>1km|13+,54.66
CLEMENTI|3 ROOM|<60|>1km|7-12,1.0
CLEMENTI|4 ROOM|60-79|<500m|1-6,7.2
CLEMENTI|4 ROOM|60-79|<500m|13+,3.84
CLEMENTI|4 ROOM|60-79|<500m|7-12,6.71
CLEMENTI|4 ROOM|80+|500m-1km|1-6,3.8
CLEMENTI|4 ROOM|80+|500m-1km|13+,1.22
CLEMENTI|4 ROOM|80+|500m-1km|7-12,2.65
CLEMENTI|4 ROOM|80+|<500m|1-6,9.01
CLEMENTI|4 ROOM|80+|<500m|13+,1.05
CLEMENTI|4 ROOM|80+|<500m|7-12,4.33
CLEMENTI|4 ROOM|<60|500m-1km|1-6,0.51
CLEMENTI|4 ROOM|<60|500m-1km|13+,5.23
CLEMENTI|4 ROOM|<60|500m-1km|7-12,0.45
CLEMENTI|4 ROOM|<60|<500m|1-6,0.61
CLEMENTI|4 ROOM|<60|<500m|13+,8.88
CLEMENTI|4 ROOM|<60|<500m|7-12,0.66
CLEMENTI|4 ROOM|<60|>1km|1-6,1.21
CLEMENTI|4 ROOM|<60|>1km|13+,10.42
CLEMENTI|4 ROOM|<60|>1km|7-12,0.85
CLEMENTI|5 ROOM|60-79|<500m|1-6,76.46
CLEMENTI|5 ROOM|60-79|<500m|13+,15.92
CLEMENTI|5 ROOM|60-79|<500m|7-12,16.36
CLEMENTI|5 ROOM|80+|500m-1km|1-6,15.29
CLEMENTI|5 ROOM|80+|500m-1km|13+,1.92
CLEMENTI|5 ROOM|80+|500m-1km|7-12,6.83
CLEMENTI|5 ROOM|80+|<500m|1-6,6.05
CLEMENTI|5 ROOM|80+|<500m|13+,0.79
CLEMENTI|5 ROOM|80+|<500m|7-12,8.66
CLEMENTI|5 ROOM|<60|500m-1km|1-6,0.43
CLEMENTI|5 ROOM|<60|500m-1km|13+,4.89
CLEMENTI|5 ROOM|<60|500m-1km|7-12,0.63
CLEMENTI|5 ROOM|<60|<500m|1-6,0.72
CLEMENTI|5 ROOM|<60|<500m|13+,2.09
CLEMENTI|5 ROOM|<60|<500m|7-12,0.83
CLEMENTI|5 ROOM|<60|>1km|1-6,1.04
CLEMENTI|5 ROOM|<60|>1km|13+,3.43
CLEMENTI|5 ROOM|<60|>1km|7-12,0.93
CLEMENTI|EXECUTIVE|<60|500m-1km|1-6,0.27
CLEMENTI|EXECUTIVE|<60|500m-1km|7-12,0.38
CLEMENTI|EXECUTIVE|<60|<500m|1-6,0.23
CLEMENTI|EXECUTIVE|<60|<500m|7-12,0.43
CLEMENTI|EXECUTIVE|<60|>1km|1-6,0.55
CLEMENTI|EXECUTIVE|<60|>1km|13+,9.94
CLEMENTI|EXECUTIVE|<60|>1km|7-12,0.74
GEYLANG|2 ROOM|60-79|<500m|1-6,18.92
GEYLANG|2 ROOM|60-79|<500m|7-12,18.92
GEYLANG|2 ROOM|<60|500m-1km|1-6,41.45
GEYLANG|2 ROOM|<60|500m-1km|7-12,41.45
GEYLANG|2 ROOM|<60|<500m|1-6,0.92
GEYLANG|2 ROOM|<60|<500m|7-12,1.49
GEYLANG|3 ROOM|60-79|500m-1km|1-6,10.14
GEYLANG|3 ROOM|60-79|<500m|1-6,1.23
GEYLANG|3 ROOM|60-79|<500m|13+,3.33
GEYLANG|3 ROOM|60-79|<500m|7-12,3.86
GEYLANG|3 ROOM|80+|<500m|1-6,2.37
GEYLANG|3 ROOM|80+|<500m|13+,1.44
GEYLANG|3 ROOM|80+|<500m|7-12,2.02
GEYLANG|3 ROOM|<60|500m-1km|1-6,0.85
GEYLANG|3 ROOM|<60|500m-1km|13+,7.99
GEYLANG|3 ROOM|<60|500m-1km|7-12,1.23
GEYLANG|3 ROOM|<60|<500m|1-6,0.19
GEYLANG|3 ROOM|<60|<500m|13+,4.34
GEYLANG|3 ROOM|<60|<500m|7-12,0.26
GEYLANG|4 ROOM|60-79|500m-1km|1-6,2.03
GEYLANG|4 ROOM|60-79|500m-1km|13+,24.47
GEYLANG|4 ROOM|60-79|500m-1km|7-12,3.33
GEYLANG|4 ROOM|60-79|<500m|1-6,0.85
GEYLANG|4 ROOM|60-79|<500m|13+,1.67
GEYLANG|4 ROOM|60-79|<500m|7-12,1.35
GEYLANG|4 ROOM|80+|500m-1km|1-6,19.61
GEYLANG|4 ROOM|80+|500m-1km|13+,6.33
GEYLANG|4 ROOM|80+|500m-1km|7-12,9.61
GEYLANG|4 ROOM|80+|<500m|1-6,7.49
GEYLANG|4 ROOM|80+|<500m|13+,3.25
GEYLANG|4 ROOM|80+|<500m|7-12,3.92
GEYLANG|4 ROOM|<60|500m-1km|1-6,1.03
GEYLANG|4 ROOM|<60|500m-1km|13+,4.45
GEYLANG|4 ROOM|<60|500m-1km|7-12,0.87
GEYLANG|4 ROOM|<60|<500m|1-6,0.19
GEYLANG|4 ROOM|<60|<500m|13+,3.05
GEYLANG|4 ROOM|<60|<500m|7-12,0.24
GEYLANG|5 ROOM|60-79|500m-1km|1-6,1.81
GEYLANG|5 ROOM|60-79|500m-1km|13+,32.65
GEYLANG|5 ROOM|60-79|500m-1km|7-12,6.76
GEYLANG|5 ROOM|60-79|<500m|1-6,0.76
GEYLANG|5 ROOM|60-79|<500m|13+,1.2
GEYLANG|5 ROOM|60-79|<500m|7-12,0.81
GEYLANG|5 ROOM|<60|500m-1km|1-6,0.59
GEYLANG|5 ROOM|<60|500m-1km|13+,2.4
GEYLANG|5 ROOM|<60|500m-1km|7-12,0.68
GEYLANG|5 ROOM|<60|<500m|1-6,0.28
GEYLANG|5 ROOM|<60|<500m|13+,2.12
GEYLANG|5 ROOM|<60|<500m|7-12,0.43
GEYLANG|EXECUTIVE|<60|500m-1km|1-6,0.64
GEYLANG|EXECUTIVE|<60|500m-1km|7-12,0.96
GEYLANG|EXECUTIVE|<60|<500m|1-6,0.57
GEYLANG|EXECUTIVE|<60|<500m|13+,2.0
GEYLANG|EXECUTIVE|<60|<500m|7-12,0.98
HOUGANG|2 ROOM|80+|>1km|1-6,3.56
HOUGANG|2 ROOM|80+|>1km|13+,2.91
HOUGANG|2 ROOM|80+|>1km|7-12,1.99
HOUGANG|3 ROOM|60-79|500m-1km|1-6,1.12
HOUGANG|3 ROOM|60-79|500m-1km|13+,111.29
HOUGANG|3 ROOM|60-79|500m-1km|7-12,3.72
HOUGANG|3 ROOM|60-79|<500m|1-6,2.31
HOUGANG|3 ROOM|60-79|>1km|1-6,40.58
HOUGANG|3 ROOM|60-79|>1km|13+,81.16
HOUGANG|3 ROOM|60-79|>1km|7-12,69.56
HOUGANG|3 ROOM|80+|500m-1km|1-6,4.02
HOUGANG|3 ROOM|80+|500m-1km|13+,3.11
HOUGANG|3 ROOM|80+|500m-1km|7-12,3.7
HOUGANG|3 ROOM|80+|<500m|1-6,7.06
HOUGANG|3 ROOM|80+|<500m|13+,8.59
HOUGANG|3 ROOM|80+|<500m|7-12,4.39
HOUGANG|3 ROOM|80+|>1km|1-6,1.11
HOUGANG|3 ROOM|80+|>1km|13+,1.23
HOUGANG|3 ROOM|80+|>1km|7-12,0.98
HOUGANG|3 ROOM|<60|500m-1km|1-6,0.15
HOUGANG|3 ROOM|<60|500m-1km|13+,4.86
HOUGANG|3 ROOM|<60|500m-1km|7-12,0.29
HOUGANG|3 ROOM|<60|<500m|1-6,0.51
HOUGANG|3 ROOM|<60|<500m|13+,54.59
HOUGANG|3 ROOM|<60|<500m|7-12,1.84
HOUGANG|3 ROOM|<60|>1km|1-6,1.24
HOUGANG|3 ROOM|<60|>1km|7-12,1.22
HOUGANG|4 ROOM|60-79|500m-1km|1-6,0.33
HOUGANG|4 ROOM|60-79|500m-1km|13+,1.65
HOUGANG|4 ROOM|60-79|500m-1km|7-12,0.45
HOUGANG|4 ROOM|60-79|<500m|1-6,0.49
HOUGANG|4 ROOM|60-79|<500m|13+,1.97
HOUGANG|4 ROOM|60-79|<500m|7-12,0.9
HOUGANG|4 ROOM|60-79|>1km|1-6,0.49
HOUGANG|4 ROOM|60-79|>1km|13+,1.52
HOUGANG|4 ROOM|60-79|>1km|7-12,0.57
HOUGANG|4 ROOM|80+|500m-1km|1-6,3.04
HOUGANG|4 ROOM|80+|500m-1km|13+,2.42
HOUGANG|4 ROOM|80+|500m-1km|7-12,2.1
HOUGANG|4 ROOM|80+|<500m|1-6,12.58
HOUGANG|4 ROOM|80+|<500m|13+,33.09
HOUGANG|4 ROOM|80+|<500m|7-12,20.8
HOUGANG|4 ROOM|80+|>1km|1-6,1.19
HOUGANG|4 ROOM|80+|>1km|13+,0.87
HOUGANG|4 ROOM|80+|>1km|7-12,0.83
HOUGANG|4 ROOM|<60|500m-1km|1-6,0.13
HOUGANG|4 ROOM|<60|500m-1km|13+,2.04
HOUGANG|4 ROOM|<60|500m-1km|7-12,0.2
HOUGANG|4 ROOM|<60|<500m|1-6,0.4
HOUGANG|4 ROOM|<60|<500m|13+,8.42
HOUGANG|4 ROOM|<60|<500m|7-12,0.59
HOUGANG|4 ROOM|<60|>1km|1-6,1.11
HOUGANG|4 ROOM|<60|>1km|13+,42.01
HOUGANG|4 ROOM|<60|>1km|7-12,1.01
HOUGANG|5 ROOM|60-79|500m-1km|1-6,0.35
HOUGANG|5 ROOM|60-79|500m-1km|13+,0.67
HOUGANG|5 ROOM|60-79|500m-1km|7-12,0.56
HOUGANG|5 ROOM|60-79|<500m|1-6,0.69
HOUGANG|5 ROOM|60-79|<500m|13+,2.38
HOUGANG|5 ROOM|60-79|<500m|7-12,0.7
HOUGANG|5 ROOM|60-79|>1km|1-6,0.17
HOUGANG|5 ROOM|60-79|>1km|13+,0.25
HOUGANG|5 ROOM|60-79|>1km|7-12,0.15
HOUGANG|5 ROOM|80+|500m-1km|1-6,7.9
HOUGANG|5 ROOM|80+|500m-1km|13+,3.27
HOUGANG|5 ROOM|80+|500m-1km|7-12,5.46
HOUGANG|5 ROOM|80+|>1km|1-6,3.91
HOUGANG|5 ROOM|80+|>1km|13+,3.04
HOUGANG|5 ROOM|80+|>1km|7-12,2.37
HOUGANG|5 ROOM|<60|500m-1km|1-6,0.25
HOUGANG|5 ROOM|<60|500m-1km|13+,1.72
HOUGANG|5 ROOM|<60|500m-1km|7-12,0.38
HOUGANG|5 ROOM|<60|<500m|1-6,0.83
HOUGANG|5 ROOM|<60|<500m|13+,18.46
HOUGANG|5 ROOM|<60|<500m|7-12,0.98
HOUGANG|5 ROOM|<60|>1km|1-6,1.11
HOUGANG|5 ROOM|<60|>1km|13+,2.25
HOUGANG|5 ROOM|<60|>1km|7-12,1.14
HOUGANG|EXECUTIVE|60-79|500m-1km|1-6,0.3
HOUGANG|EXECUTIVE|60-79|500m-1km|13+,1.28
HOUGANG|EXECUTIVE|60-79|500m-1km|7-12,0.55
HOUGANG|EXECUTIVE|60-79|<500m|1-6,0.36
HOUGANG|EXECUTIVE|60-79|<500m|13+,4.05
HOUGANG|EXECUTIVE|60-79|<500m|7-12,0.82
HOUGANG|EXECUTIVE|60-79|>1km|1-6,0.86
HOUGANG|EXECUTIVE|60-79|>1km|13+,2.4
HOUGANG|EXECUTIVE|60-79|>1km|7-12,1.49
HOUGANG|EXECUTIVE|<60|500m-1km|1-6,0.28
HOUGANG|EXECUTIVE|<60|500m-1km|13+,4.82
HOUGANG|EXECUTIVE|<60|500m-1km|7-12,0.34
HOUGANG|EXECUTIVE|<60|<500m|1-6,0.61
HOUGANG|EXECUTIVE|<60|<500m|7-12,1.84
HOUGANG|EXECUTIVE|<60|>1km|1-6,0.34
HOUGANG|EXECUTIVE|<60|>1km|7-12,2.03
JURONG EAST|2 ROOM|80+|500m-1km|1-6,15.15
JURONG EAST|2 ROOM|80+|500m-1km|13+,17.67
JURONG EAST|2 ROOM|80+|500m-1km|7-12,19.22
JURONG EAST|2 ROOM|80+|>1km|1-6,60.66
JURONG EAST|2 ROOM|80+|>1km|13+,16.85
JURONG EAST|2 ROOM|80+|>1km|7-12,50.55
JURONG EAST|3 ROOM|60-79|<500m|1-6,12.31
JURONG EAST|3 ROOM|80+|500m-1km|1-6,8.51
JURONG EAST|3 ROOM|80+|500m-1km|13+,8.4
JURONG EAST|3 ROOM|80+|500m-1km|7-12,7.99
JURONG EAST|3 ROOM|80+|>1km|1-6,21.93
JURONG EAST|3 ROOM|80+|>1km|13+,4.09
JURONG EAST|3 ROOM|80+|>1km|7-12,16.76
JURONG EAST|3 ROOM|<60|500m-1km|1-6,0.32
JURONG EAST|3 ROOM|<60|500m-1km|13+,11.1
JURONG EAST|3 ROOM|<60|500m-1km|7-12,0.84
JURONG EAST|3 ROOM|<60|<500m|1-6,0.5
JURONG EAST|3 ROOM|<60|<500m|13+,19.96
JURONG EAST|3 ROOM|<60|<500m|7-12,1.69
JURONG EAST|3 ROOM|<60|>1km|1-6,0.72
JURONG EAST|3 ROOM|<60|>1km|13+,9.25
JURONG EAST|3 ROOM|<60|>1km|7-12,1.63
JURONG EAST|4 ROOM|60-79|500m-1km|1-6,0.99
JURONG EAST|4 ROOM|60-79|500m-1km|13+,1.41
JURONG EAST|4 ROOM|60-79|500m-1km|7-12,1.0
JURONG EAST|4 ROOM|60-79|>1km|1-6,5.37
JURONG EAST|4 ROOM|60-79|>1km|13+,2.95
JURONG EAST|4 ROOM|60-79|>1km|7-12,5.55
JURONG EAST|4 ROOM|80+|>1km|1-6,18.79
JURONG EAST|4 ROOM|80+|>1km|13+,2.92
JURONG EAST|4 ROOM|80+|>1km|7-12,14.72
JURONG EAST|4 ROOM|<60|500m-1km|1-6,0.47
JURONG EAST|4 ROOM|<60|500m-1km|13+,8.86
JURONG EAST|4 ROOM|<60|500m-1km|7-12,0.64
JURONG EAST|4 ROOM|<60|<500m|1-6,0.53
JURONG EAST|4 ROOM|<60|<500m|7-12,0.76
JURONG EAST|4 ROOM|<60|>1km|1-6,0.94
JURONG EAST|4 ROOM|<60|>1km|13+,28.22
JURONG EAST|4 ROOM|<60|>1km|7-12,1.36
JURONG EAST|5 ROOM|60-79|500m-1km|1-6,0.44
JURONG EAST|5 ROOM|60-79|500m-1km|13+,0.58
JURONG EAST|5 ROOM|60-79|500m-1km|7-12,0.56
JURONG EAST|5 ROOM|60-79|<500m|1-6,7.24
JURONG EAST|5 ROOM|60-79|<500m|13+,6.8
JURONG EAST|5 ROOM|60-79|<500m|7-12,5.9
JURONG EAST|5 ROOM|60-79|>1km|1-6,24.63
JURONG EAST|5 ROOM|60-79|>1km|13+,7.31
JURONG EAST|5 ROOM|60-79|>1km|7-12,31.99
JURONG EAST|5 ROOM|80+|>1km|1-6,15.51
JURONG EAST|5 ROOM|80+|>1km|13+,5.07
JURONG EAST|5 ROOM|80+|>1km|7-12,26.49
JURONG EAST|5 ROOM|<60|500m-1km|1-6,0.55
JURONG EAST|5 ROOM|<60|500m-1km|13+,1.2
JURONG EAST|5 ROOM|<60|500m-1km|7-12,0.48
JURONG EAST|5 ROOM|<60|<500m|1-6,0.54
JURONG EAST|5 ROOM|<60|<500m|13+,1.35
JURONG EAST|5 ROOM|<60|<500m|7-12,0.48
JURONG EAST|5 ROOM|<60|>1km|1-6,1.63
JURONG EAST|5 ROOM|<60|>1km|13+,3.88
JURONG EAST|5 ROOM|<60|>1km|7-12,1.19
JURONG EAST|EXECUTIVE|60-79|500m-1km|1-6,0.91
JURONG EAST|EXECUTIVE|60-79|500m-1km|13+,1.28
JURONG EAST|EXECUTIVE|60-79|500m-1km|7-12,0.85
JURONG EAST|EXECUTIVE|60-79|<500m|1-6,17.74
JURONG EAST|EXECUTIVE|60-79|<500m|7-12,35.49
JURONG EAST|EXECUTIVE|<60|500m-1km|1-6,0.32
JURONG EAST|EXECUTIVE|<60|500m-1km|13+,6.43
JURONG EAST|EXECUTIVE|<60|500m-1km|7-12,0.42
JURONG EAST|EXECUTIVE|<60|>1km|1-6,1.21
JURONG WEST|2 ROOM|80+|<500m|1-6,10.88
JURONG WEST|2 ROOM|80+|<500m|13+,165.52
JURONG WEST|2 ROOM|80+|<500m|7-12,6.64
JURONG WEST|2 ROOM|80+|>1km|1-6,3.07
JURONG WEST|2 ROOM|80+|>1km|13+,3.03
JURONG WEST|2 ROOM|80+|>1km|7-12,2.54
JURONG WEST|2 ROOM|<60|500m-1km|1-6,9.82
JURONG WEST|2 ROOM|<60|500m-1km|7-12,50.73
JURONG WEST|2 ROOM|<60|>1km|1-6,30.36
JURONG WEST|2 ROOM|<60|>1km|7-12,70.31
JURONG WEST|3 ROOM|60-79|500m-1km|1-6,4.79
JURONG WEST|3 ROOM|60-79|500m-1km|7-12,2.94
JURONG WEST|3 ROOM|60-79|>1km|1-6,3.39
JURONG WEST|3 ROOM|60-79|>1km|7-12,1.97
JURONG WEST|3 ROOM|80+|500m-1km|1-6,4.08
JURONG WEST|3 ROOM|80+|500m-1km|13+,3.23
JURONG WEST|3 ROOM|80+|500m-1km|7-12,5.01
JURONG WEST|3 ROOM|80+|<500m|1-6,6.59
JURONG WEST|3 ROOM|80+|<500m|13+,6.37
JURONG WEST|3 ROOM|80+|<500m|7-12,6.46
JURONG WEST|3 ROOM|80+|>1km|1-6,1.57
JURONG WEST|3 ROOM|80+|>1km|13+,1.6
JURONG WEST|3 ROOM|80+|>1km|7-12,1.46
JURONG WEST|3 ROOM|<60|500m-1km|1-6,0.18
JURONG WEST|3 ROOM|<60|500m-1km|13+,3.21
JURONG WEST|3 ROOM|<60|500m-1km|7-12,0.38
JURONG WEST|3 ROOM|<60|<500m|1-6,1.29
JURONG WEST|3 ROOM|<60|<500m|13+,17.53
JURONG WEST|3 ROOM|<60|<500m|7-12,1.9
JURONG WEST|3 ROOM|<60|>1km|1-6,1.03
JURONG WEST|3 ROOM|<60|>1km|13+,6.61
JURONG WEST|3 ROOM|<60|>1km|7-12,1.69
JURONG WEST|4 ROOM|60-79|500m-1km|1-6,0.25
JURONG WEST|4 ROOM|60-79|500m-1km|13+,0.93
JURONG WEST|4 ROOM|60-79|500m-1km|7-12,0.26
JURONG WEST|4 ROOM|60-79|<500m|1-6,0.29
JURONG WEST|4 ROOM|60-79|<500m|13+,0.64
JURONG WEST|4 ROOM|60-79|<500m|7-12,0.3
JURONG WEST|4 ROOM|60-79|>1km|1-6,0.23
JURONG WEST|4 ROOM|60-79|>1km|13+,1.14
JURONG WEST|4 ROOM|60-79|>1km|7-12,0.33
JURONG WEST|4 ROOM|80+|500m-1km|1-6,0.96
JURONG WEST|4 ROOM|80+|500m-1km|13+,1.15
JURONG WEST|4 ROOM|80+|500m-1km|7-12,0.94
JURONG WEST|4 ROOM|80+|<500m|1-6,1.47
JURONG WEST|4 ROOM|80+|<500m|13+,4.86
JURONG WEST|4 ROOM|80+|<500m|7-12,3.78
JURONG WEST|4 ROOM|80+|>1km|1-6,0.8
JURONG WEST|4 ROOM|80+|>1km|13+,0.91
JURONG WEST|4 ROOM|80+|>1km|7-12,0.76
JURONG WEST|4 ROOM|<60|500m-1km|1-6,0.22
JURONG WEST|4 ROOM|<60|500m-1km|13+,36.31
JURONG WEST|4 ROOM|<60|500m-1km|7-12,0.34
JURONG WEST|4 ROOM|<60|<500m|1-6,1.98
JURONG WEST|4 ROOM|<60|<500m|13+,17.19
JURONG WEST|4 ROOM|<60|<500m|7-12,2.24
JURONG WEST|4 ROOM|<60|>1km|1-6,0.67
JURONG WEST|4 ROOM|<60|>1km|13+,36.03
JURONG WEST|4 ROOM|<60|>1km|7-12,0.7
JURONG WEST|5 ROOM|60-79|500m-1km|1-6,0.08
JURONG WEST|5 ROOM|60-79|500m-1km|13+,0.34
JURONG WEST|5 ROOM|60-79|500m-1km|7-12,0.11
JURONG WEST|5 ROOM|60-79|<500m|1-6,0.11
JURONG WEST|5 ROOM|60-79|<500m|13+,0.18
JURONG WEST|5 ROOM|60-79|<500m|7-12,0.1
JURONG WEST|5 ROOM|60-79|>1km|1-6,0.12
JURONG WEST|5 ROOM|60-79|>1km|13+,0.39
JURONG WEST|5 ROOM|60-79|>1km|7-12,0.12
JURONG WEST|5 ROOM|80+|500m-1km|1-6,0.96
JURONG WEST|5 ROOM|80+|500m-1km|13+,1.17
JURONG WEST|5 ROOM|80+|500m-1km|7-12,0.86
JURONG WEST|5 ROOM|80+|<500m|1-6,0.68
JURONG WEST|5 ROOM|80+|<500m|13+,1.14
JURONG WEST|5 ROOM|80+|<500m|7-12,0.62
JURONG WEST|5 ROOM|80+|>1km|1-6,1.08
JURONG WEST|5 ROOM|80+|>1km|13+,1.53
JURONG WEST|5 ROOM|80+|>1km|7-12,0.88
JURONG WEST|5 ROOM|<60|500m-1km|1-6,0.44
JURONG WEST|5 ROOM|<60|500m-1km|13+,0.85
JURONG WEST|5 ROOM|<60|500m-1km|7-12,0.59
JURONG WEST|5 ROOM|<60|<500m|1-6,11.68
JURONG WEST|5 ROOM|<60|>1km|1-6,2.7
JURONG WEST|5 ROOM|<60|>1km|7-12,3.71
JURONG WEST|EXECUTIVE|60-79|500m-1km|1-6,0.2
JURONG WEST|EXECUTIVE|60-79|500m-1km|13+,0.51
JURONG WEST|EXECUTIVE|60-79|500m-1km|7-12,0.24
JURONG WEST|EXECUTIVE|60-79|<500m|1-6,0.6
JURONG WEST|EXECUTIVE|60-79|<500m|13+,1.2
JURONG WEST|EXECUTIVE|60-79|<500m|7-12,0.51
JURONG WEST|EXECUTIVE|60-79|>1km|1-6,0.28
JURONG WEST|EXECUTIVE|60-79|>1km|13+,1.33
JURONG WEST|EXECUTIVE|60-79|>1km|7-12,0.5
JURONG WEST|EXECUTIVE|<60|<500m|1-6,0.7
JURONG WEST|EXECUTIVE|<60|<500m|13+,2.71
JURONG WEST|EXECUTIVE|<60|<500m|7-12,0.87
JURONG WEST|EXECUTIVE|<60|>1km|1-6,1.21
JURONG WEST|EXECUTIVE|<60|>1km|7-12,1.62
KALLANG/WHAMPOA|2 ROOM|<60|<500m|1-6,4.99
KALLANG/WHAMPOA|2 ROOM|<60|<500m|13+,10.36
KALLANG/WHAMPOA|2 ROOM|<60|<500m|7-12,5.22
KALLANG/WHAMPOA|3 ROOM|60-79|<500m|1-6,40.45
KALLANG/WHAMPOA|3 ROOM|60-79|<500m|13+,15.62
KALLANG/WHAMPOA|3 ROOM|60-79|<500m|7-12,29.88
KALLANG/WHAMPOA|3 ROOM|80+|500m-1km|1-6,7.16
KALLANG/WHAMPOA|3 ROOM|80+|500m-1km|13+,1.87
KALLANG/WHAMPOA|3 ROOM|80+|500m-1km|7-12,5.41
KALLANG/WHAMPOA|3 ROOM|80+|<500m|1-6,2.2
KALLANG/WHAMPOA|3 ROOM|80+|<500m|13+,1.18
KALLANG/WHAMPOA|3 ROOM|80+|<500m|7-12,2.35
KALLANG/WHAMPOA|3 ROOM|<60|500m-1km|1-6,0.38
KALLANG/WHAMPOA|3 ROOM|<60|500m-1km|13+,6.63
KALLANG/WHAMPOA|3 ROOM|<60|500m-1km|7-12,1.22
KALLANG/WHAMPOA|3 ROOM|<60|<500m|1-6,0.25
KALLANG/WHAMPOA|3 ROOM|<60|<500m|13+,1.14
KALLANG/WHAMPOA|3 ROOM|<60|<500m|7-12,0.3
KALLANG/WHAMPOA|4 ROOM|60-79|500m-1km|1-6,1.66
KALLANG/WHAMPOA|4 ROOM|60-79|500m-1km|13+,10.48
KALLANG/WHAMPOA|4 ROOM|60-79|500m-1km|7-12,2.74
KALLANG/WHAMPOA|4 ROOM|60-79|<500m|1-6,1.04
KALLANG/WHAMPOA|4 ROOM|60-79|<500m|13+,0.75
KALLANG/WHAMPOA|4 ROOM|60-79|<500m|7-12,1.71
KALLANG/WHAMPOA|4 ROOM|60-79|>1km|1-6,13.3
KALLANG/WHAMPOA|4 ROOM|60-79|>1km|7-12,33.25
KALLANG/WHAMPOA|4 ROOM|80+|500m-1km|1-6,4.1
KALLANG/WHAMPOA|4 ROOM|80+|500m-1km|13+,1.65
KALLANG/WHAMPOA|4 ROOM|80+|500m-1km|7-12,4.35
KALLANG/WHAMPOA|4 ROOM|80+|<500m|1-6,3.92
KALLANG/WHAMPOA|4 ROOM|80+|<500m|13+,0.83
KALLANG/WHAMPOA|4 ROOM|80+|<500m|7-12,4.37
KALLANG/WHAMPOA|4 ROOM|<60|500m-1km|1-6,0.92
KALLANG/WHAMPOA|4 ROOM|<60|500m-1km|13+,1.77
KALLANG/WHAMPOA|4 ROOM|<60|500m-1km|7-12,1.11
KALLANG/WHAMPOA|4 ROOM|<60|<500m|1-6,0.29
KALLANG/WHAMPOA|4 ROOM|<60|<500m|13+,1.99
KALLANG/WHAMPOA|4 ROOM|<60|<500m|7-12,0.3
KALLANG/WHAMPOA|5 ROOM|60-79|500m-1km|1-6,2.2
KALLANG/WHAMPOA|5 ROOM|60-79|500m-1km|13+,2.23
KALLANG/WHAMPOA|5 ROOM|60-79|500m-1km|7-12,2.14
KALLANG/WHAMPOA|5 ROOM|60-79|<500m|1-6,1.05
KALLANG/WHAMPOA|5 ROOM|60-79|<500m|13+,0.86
KALLANG/WHAMPOA|5 ROOM|60-79|<500m|7-12,1.25
KALLANG/WHAMPOA|5 ROOM|60-79|>1km|1-6,11.32
KALLANG/WHAMPOA|5 ROOM|60-79|>1km|7-12,33.97
KALLANG/WHAMPOA|5 ROOM|80+|500m-1km|1-6,8.15
KALLANG/WHAMPOA|5 ROOM|80+|500m-1km|13+,5.43
KALLANG/WHAMPOA|5 ROOM|80+|500m-1km|7-12,16.3
KALLANG/WHAMPOA|5 ROOM|80+|<500m|1-6,1.84
KALLANG/WHAMPOA|5 ROOM|80+|<500m|13+,0.84
KALLANG/WHAMPOA|5 ROOM|80+|<500m|7-12,4.14
KALLANG/WHAMPOA|5 ROOM|<60|500m-1km|1-6,0.55
KALLANG/WHAMPOA|5 ROOM|<60|500m-1km|13+,0.94
KALLANG/WHAMPOA|5 ROOM|<60|500m-1km|7-12,0.67
KALLANG/WHAMPOA|5 ROOM|<60|<500m|1-6,0.37
KALLANG/WHAMPOA|5 ROOM|<60|<500m|13+,0.62
KALLANG/WHAMPOA|5 ROOM|<60|<500m|7-12,0.3
KALLANG/WHAMPOA|EXECUTIVE|60-79|500m-1km|1-6,3.76
KALLANG/WHAMPOA|EXECUTIVE|60-79|500m-1km|13+,4.42
KALLANG/WHAMPOA|EXECUTIVE|60-79|500m-1km|7-12,2.21
KALLANG/WHAMPOA|EXECUTIVE|<60|500m-1km|1-6,3.77
KALLANG/WHAMPOA|EXECUTIVE|<60|500m-1km|7-12,2.02
KALLANG/WHAMPOA|EXECUTIVE|<60|<500m|1-6,1.38
KALLANG/WHAMPOA|EXECUTIVE|<60|<500m|7-12,1.03
MARINE PARADE|2 ROOM|<60|<500m|1-6,15.95
MARINE PARADE|2 ROOM|<60|<500m|13+,27.79
MARINE PARADE|2 ROOM|<60|<500m|7-12,11.18
MARINE PARADE|3 ROOM|<60|<500m|1-6,0.85
MARINE PARADE|3 ROOM|<60|<500m|13+,3.92
MARINE PARADE|3 ROOM|<60|<500m|7-12,0.91
MARINE PARADE|4 ROOM|<60|<500m|1-6,1.84
MARINE PARADE|4 ROOM|<60|<500m|13+,5.1
MARINE PARADE|4 ROOM|<60|<500m|7-12,1.85
MARINE PARADE|5 ROOM|<60|<500m|1-6,0.74
MARINE PARADE|5 ROOM|<60|<500m|13+,0.67
MARINE PARADE|5 ROOM|<60|<500m|7-12,0.7
PASIR RIS|2 ROOM|60-79|500m-1km|1-6,36.44
PASIR RIS|2 ROOM|80+|<500m|1-6,13.27
PASIR RIS|2 ROOM|80+|<500m|13+,20.17
PASIR RIS|2 ROOM|80+|<500m|7-12,3.46
PASIR RIS|3 ROOM|80+|<500m|1-6,3.11
PASIR RIS|3 ROOM|80+|<500m|13+,9.77
PASIR RIS|3 ROOM|80+|<500m|7-12,2.52
PASIR RIS|3 ROOM|<60|>1km|1-6,2.4
PASIR RIS|4 ROOM|60-79|500m-1km|1-6,0.22
PASIR RIS|4 ROOM|60-79|500m-1km|13+,4.17
PASIR RIS|4 ROOM|60-79|500m-1km|7-12,0.32
PASIR RIS|4 ROOM|60-79|<500m|1-6,3.4
PASIR RIS|4 ROOM|60-79|<500m|13+,13.92
PASIR RIS|4 ROOM|60-79|<500m|7-12,2.54
PASIR RIS|4 ROOM|60-79|>1km|1-6,0.17
PASIR RIS|4 ROOM|60-79|>1km|13+,1.59
PASIR RIS|4 ROOM|60-79|>1km|7-12,0.21
PASIR RIS|4 ROOM|80+|500m-1km|1-6,7.8
PASIR RIS|4 ROOM|80+|500m-1km|13+,18.27
PASIR RIS|4 ROOM|80+|500m-1km|7-12,4.71
PASIR RIS|4 ROOM|80+|<500m|1-6,2.52
PASIR RIS|4 ROOM|80+|<500m|13+,11.93
PASIR RIS|4 ROOM|80+|<500m|7-12,2.3
PASIR RIS|5 ROOM|60-79|500m-1km|1-6,0.29
PASIR RIS|5 ROOM|60-79|500m-1km|13+,2.48
PASIR RIS|5 ROOM|60-79|500m-1km|7-12,0.34
PASIR RIS|5 ROOM|60-79|<500m|1-6,3.57
PASIR RIS|5 ROOM|60-79|<500m|13+,27.67
PASIR RIS|5 ROOM|60-79|<500m|7-12,3.21
PASIR RIS|5 ROOM|60-79|>1km|1-6,0.1
PASIR RIS|5 ROOM|60-79|>1km|13+,0.48
PASIR RIS|5 ROOM|60-79|>1km|7-12,0.11
PASIR RIS|5 ROOM|80+|500m-1km|1-6,11.45
PASIR RIS|5 ROOM|80+|500m-1km|13+,137.38
PASIR RIS|5 ROOM|80+|500m-1km|7-12,15.26
PASIR RIS|5 ROOM|80+|<500m|1-6,5.76
PASIR RIS|5 ROOM|80+|<500m|13+,17.68
PASIR RIS|5 ROOM|80+|<500m|7-12,4.97
PASIR RIS|5 ROOM|<60|>1km|1-6,7.26
PASIR RIS|EXECUTIVE|60-79|500m-1km|1-6,0.1
PASIR RIS|EXECUTIVE|60-79|500m-1km|13+,1.26
PASIR RIS|EXECUTIVE|60-79|500m-1km|7-12,0.23
PASIR RIS|EXECUTIVE|60-79|<500m|1-6,0.38
PASIR RIS|EXECUTIVE|60-79|<500m|13+,3.42
PASIR RIS|EXECUTIVE|60-79|<500m|7-12,0.43
PASIR RIS|EXECUTIVE|60-79|>1km|1-6,0.08
PASIR RIS|EXECUTIVE|60-79|>1km|13+,0.97
PASIR RIS|EXECUTIVE|60-79|>1km|7-12,0.1
PUNGGOL|2 ROOM|80+|500m-1km|1-6,0.6
PUNGGOL|2 ROOM|80+|500m-1km|13+,0.72
PUNGGOL|2 ROOM|80+|500m-1km|7-12,0.9
PUNGGOL|2 ROOM|80+|>1km|1-6,2.3
PUNGGOL|2 ROOM|80+|>1km|13+,2.32
PUNGGOL|2 ROOM|80+|>1km|7-12,2.67
PUNGGOL|3 ROOM|80+|500m-1km|1-6,0.34
PUNGGOL|3 ROOM|80+|500m-1km|13+,0.37
PUNGGOL|3 ROOM|80+|500m-1km|7-12,0.38
PUNGGOL|3 ROOM|80+|<500m|1-6,0.98
PUNGGOL|3 ROOM|80+|<500m|13+,1.09
PUNGGOL|3 ROOM|80+|<500m|7-12,0.75
PUNGGOL|3 ROOM|80+|>1km|1-6,0.8
PUNGGOL|3 ROOM|80+|>1km|13+,0.7
PUNGGOL|3 ROOM|80+|>1km|7-12,0.69
PUNGGOL|4 ROOM|60-79|500m-1km|1-6,0.65
PUNGGOL|4 ROOM|60-79|500m-1km|13+,0.58
PUNGGOL|4 ROOM|60-79|500m-1km|7-12,0.45
PUNGGOL|4 ROOM|60-79|<500m|1-6,7.36
PUNGGOL|4 ROOM|60-79|<500m|13+,8.19
PUNGGOL|4 ROOM|60-79|<500m|7-12,5.59
PUNGGOL|4 ROOM|60-79|>1km|1-6,0.46
PUNGGOL|4 ROOM|60-79|>1km|13+,0.42
PUNGGOL|4 ROOM|60-79|>1km|7-12,0.37
PUNGGOL|4 ROOM|80+|500m-1km|1-6,0.3
PUNGGOL|4 ROOM|80+|500m-1km|13+,0.25
PUNGGOL|4 ROOM|80+|500m-1km|7-12,0.23
PUNGGOL|4 ROOM|80+|<500m|1-6,0.6
PUNGGOL|4 ROOM|80+|<500m|13+,0.66
PUNGGOL|4 ROOM|80+|<500m|7-12,0.43
PUNGGOL|4 ROOM|80+|>1km|1-6,0.37
PUNGGOL|4 ROOM|80+|>1km|13+,0.32
PUNGGOL|4 ROOM|80+|>1km|7-12,0.28
PUNGGOL|5 ROOM|60-79|500m-1km|1-6,0.54
PUNGGOL|5 ROOM|60-79|500m-1km|13+,0.57
PUNGGOL|5 ROOM|60-79|500m-1km|7-12,0.47
PUNGGOL|5 ROOM|60-79|<500m|1-6,1.31
PUNGGOL|5 ROOM|60-79|<500m|13+,2.94
PUNGGOL|5 ROOM|60-79|<500m|7-12,1.48
PUNGGOL|5 ROOM|60-79|>1km|1-6,0.31
PUNGGOL|5 ROOM|60-79|>1km|13+,0.29
PUNGGOL|5 ROOM|60-79|>1km|7-12,0.23
PUNGGOL|5 ROOM|80+|500m-1km|1-6,0.27
PUNGGOL|5 ROOM|80+|500m-1km|13+,0.27
PUNGGOL|5 ROOM|80+|500m-1km|7-12,0.2
PUNGGOL|5 ROOM|80+|<500m|1-6,0.44
PUNGGOL|5 ROOM|80+|<500m|13+,0.33
PUNGGOL|5 ROOM|80+|<500m|7-12,0.35
PUNGGOL|5 ROOM|80+|>1km|1-6,0.22
PUNGGOL|5 ROOM|80+|>1km|13+,0.31
PUNGGOL|5 ROOM|80+|>1km|7-12,0.19
PUNGGOL|EXECUTIVE|60-79|500m-1km|1-6,5.01
PUNGGOL|EXECUTIVE|60-79|500m-1km|13+,9.48
PUNGGOL|EXECUTIVE|60-79|500m-1km|7-12,4.74
PUNGGOL|EXECUTIVE|60-79|>1km|1-6,0.54
PUNGGOL|EXECUTIVE|60-79|>1km|13+,0.6
PUNGGOL|EXECUTIVE|60-79|>1km|7-12,0.41
PUNGGOL|EXECUTIVE|80+|>1km|1-6,18.22
PUNGGOL|EXECUTIVE|80+|>1km|13+,21.86
PUNGGOL|EXECUTIVE|80+|>1km|7-12,18.22
QUEENSTOWN|2 ROOM|80+|500m-1km|1-6,4.51
QUEENSTOWN|2 ROOM|80+|500m-1km|13+,1.19
QUEENSTOWN|2 ROOM|80+|500m-1km|7-12,5.3
QUEENSTOWN|2 ROOM|80+|<500m|1-6,3.6
QUEENSTOWN|2 ROOM|80+|<500m|13+,2.43
QUEENSTOWN|2 ROOM|80+|<500m|7-12,3.83
QUEENSTOWN|2 ROOM|<60|500m-1km|1-6,2.34
QUEENSTOWN|2 ROOM|<60|500m-1km|7-12,4.86
QUEENSTOWN|2 ROOM|<60|<500m|1-6,0.81
QUEENSTOWN|2 ROOM|<60|<500m|13+,9.35
QUEENSTOWN|2 ROOM|<60|<500m|7-12,1.47
QUEENSTOWN|3 ROOM|80+|500m-1km|1-6,4.03
QUEENSTOWN|3 ROOM|80+|500m-1km|13+,0.79
QUEENSTOWN|3 ROOM|80+|500m-1km|7-12,3.19
QUEENSTOWN|3 ROOM|80+|<500m|1-6,3.86
QUEENSTOWN|3 ROOM|80+|<500m|13+,0.87
QUEENSTOWN|3 ROOM|80+|<500m|7-12,3.17
QUEENSTOWN|3 ROOM|<60|500m-1km|1-6,0.62
QUEENSTOWN|3 ROOM|<60|500m-1km|13+,2.73
QUEENSTOWN|3 ROOM|<60|500m-1km|7-12,0.63
QUEENSTOWN|3 ROOM|<60|<500m|1-6,0.27
QUEENSTOWN|3 ROOM|<60|<500m|13+,1.4
QUEENSTOWN|3 ROOM|<60|<500m|7-12,0.51
QUEENSTOWN|4 ROOM|60-79|500m-1km|1-6,3.27
QUEENSTOWN|4 ROOM|60-79|500m-1km|13+,3.28
QUEENSTOWN|4 ROOM|60-79|500m-1km|7-12,3.07
QUEENSTOWN|4 ROOM|60-79|<500m|1-6,1.38
QUEENSTOWN|4 ROOM|60-79|<500m|13+,1.55
QUEENSTOWN|4 ROOM|60-79|<500m|7-12,1.38
QUEENSTOWN|4 ROOM|80+|500m-1km|1-6,3.23
QUEENSTOWN|4 ROOM|80+|500m-1km|13+,0.85
QUEENSTOWN|4 ROOM|80+|500m-1km|7-12,2.4
QUEENSTOWN|4 ROOM|80+|<500m|1-6,3.11
QUEENSTOWN|4 ROOM|80+|<500m|13+,0.91
QUEENSTOWN|4 ROOM|80+|<500m|7-12,3.18
QUEENSTOWN|4 ROOM|<60|500m-1km|1-6,1.4
QUEENSTOWN|4 ROOM|<60|500m-1km|13+,166.31
QUEENSTOWN|4 ROOM|<60|500m-1km|7-12,2.68
QUEENSTOWN|4 ROOM|<60|<500m|1-6,0.73
QUEENSTOWN|4 ROOM|<60|<500m|13+,1.66
QUEENSTOWN|4 ROOM|<60|<500m|7-12,1.06
QUEENSTOWN|5 ROOM|60-79|500m-1km|1-6,1.88
QUEENSTOWN|5 ROOM|60-79|500m-1km|13+,1.59
QUEENSTOWN|5 ROOM|60-79|500m-1km|7-12,7.26
QUEENSTOWN|5 ROOM|60-79|<500m|1-6,0.72
QUEENSTOWN|5 ROOM|60-79|<500m|13+,0.69
QUEENSTOWN|5 ROOM|60-79|<500m|7-12,0.71
QUEENSTOWN|5 ROOM|80+|500m-1km|1-6,3.4
QUEENSTOWN|5 ROOM|80+|500m-1km|13+,0.48
QUEENSTOWN|5 ROOM|80+|500m-1km|7-12,2.87
QUEENSTOWN|5 ROOM|80+|<500m|1-6,3.68
QUEENSTOWN|5 ROOM|80+|<500m|13+,0.44
QUEENSTOWN|5 ROOM|80+|<500m|7-12,3.5
QUEENSTOWN|5 ROOM|<60|500m-1km|1-6,0.96
QUEENSTOWN|5 ROOM|<60|500m-1km|13+,0.95
QUEENSTOWN|5 ROOM|<60|500m-1km|7-12,1.88
QUEENSTOWN|5 ROOM|<60|<500m|1-6,1.4
QUEENSTOWN|5 ROOM|<60|<500m|13+,1.44
QUEENSTOWN|5 ROOM|<60|<500m|7-12,1.89
QUEENSTOWN|EXECUTIVE|60-79|500m-1km|1-6,13.85
QUEENSTOWN|EXECUTIVE|60-79|500m-1km|13+,13.85
QUEENSTOWN|EXECUTIVE|60-79|500m-1km|7-12,4.62
QUEENSTOWN|EXECUTIVE|60-79|<500m|1-6,1.82
QUEENSTOWN|EXECUTIVE|60-79|<500m|13+,2.66
QUEENSTOWN|EXECUTIVE|60-79|<500m|7-12,2.67
SEMBAWANG|2 ROOM|80+|500m-1km|1-6,2.54
SEMBAWANG|2 ROOM|80+|500m-1km|13+,2.88
SEMBAWANG|2 ROOM|80+|500m-1km|7-12,1.7
SEMBAWANG|2 ROOM|80+|<500m|1-6,1.46
SEMBAWANG|2 ROOM|80+|<500m|13+,32.14
SEMBAWANG|2 ROOM|80+|<500m|7-12,1.28
SEMBAWANG|3 ROOM|80+|500m-1km|1-6,0.93
SEMBAWANG|3 ROOM|80+|500m-1km|13+,1.04
SEMBAWANG|3 ROOM|80+|500m-1km|7-12,0.71
SEMBAWANG|3 ROOM|80+|<500m|1-6,1.17
SEMBAWANG|3 ROOM|80+|<500m|13+,47.18
SEMBAWANG|3 ROOM|80+|<500m|7-12,1.13
SEMBAWANG|4 ROOM|60-79|500m-1km|1-6,0.64
SEMBAWANG|4 ROOM|60-79|500m-1km|13+,0.86
SEMBAWANG|4 ROOM|60-79|500m-1km|7-12,0.52
SEMBAWANG|4 ROOM|60-79|<500m|1-6,0.3
SEMBAWANG|4 ROOM|60-79|<500m|13+,0.76
SEMBAWANG|4 ROOM|60-79|<500m|7-12,0.28
SEMBAWANG|4 ROOM|60-79|>1km|1-6,10.26
SEMBAWANG|4 ROOM|60-79|>1km|13+,5.7
SEMBAWANG|4 ROOM|60-79|>1km|7-12,7.84
SEMBAWANG|4 ROOM|80+|500m-1km|1-6,0.56
SEMBAWANG|4 ROOM|80+|500m-1km|13+,0.78
SEMBAWANG|4 ROOM|80+|500m-1km|7-12,0.48
SEMBAWANG|4 ROOM|80+|<500m|1-6,0.58
SEMBAWANG|4 ROOM|80+|<500m|13+,7.6
SEMBAWANG|4 ROOM|80+|<500m|7-12,0.58
SEMBAWANG|5 ROOM|60-79|500m-1km|1-6,0.88
SEMBAWANG|5 ROOM|60-79|500m-1km|13+,1.99
SEMBAWANG|5 ROOM|60-79|500m-1km|7-12,1.01
SEMBAWANG|5 ROOM|60-79|<500m|1-6,0.31
SEMBAWANG|5 ROOM|60-79|<500m|13+,0.6
SEMBAWANG|5 ROOM|60-79|<500m|7-12,0.27
SEMBAWANG|5 ROOM|60-79|>1km|1-6,17.26
SEMBAWANG|5 ROOM|60-79|>1km|13+,22.04
SEMBAWANG|5 ROOM|60-79|>1km|7-12,16.09
SEMBAWANG|5 ROOM|80+|500m-1km|1-6,2.54
SEMBAWANG|5 ROOM|80+|500m-1km|13+,6.23
SEMBAWANG|5 ROOM|80+|500m-1km|7-12,1.76
SEMBAWANG|5 ROOM|80+|<500m|1-6,2.45
SEMBAWANG|5 ROOM|80+|<500m|13+,9.73
SEMBAWANG|5 ROOM|80+|<500m|7-12,2.33
SEMBAWANG|EXECUTIVE|60-79|500m-1km|1-6,0.86
SEMBAWANG|EXECUTIVE|60-79|500m-1km|13+,0.53
SEMBAWANG|EXECUTIVE|60-79|500m-1km|7-12,0.34
SEMBAWANG|EXECUTIVE|60-79|<500m|1-6,0.23
SEMBAWANG|EXECUTIVE|60-79|<500m|13+,0.55
SEMBAWANG|EXECUTIVE|60-79|<500m|7-12,0.26
SEMBAWANG|EXECUTIVE|80+|500m-1km|1-6,9.12
SEMBAWANG|EXECUTIVE|80+|500m-1km|13+,18.24
SEMBAWANG|EXECUTIVE|80+|500m-1km|7-12,9.12
SENGKANG|2 ROOM|60-79|500m-1km|1-6,55.57
SENGKANG|2 ROOM|80+|500m-1km|1-6,2.31
SENGKANG|2 ROOM|80+|500m-1km|13+,4.33
SENGKANG|2 ROOM|80+|500m-1km|7-12,2.6
SENGKANG|2 ROOM|80+|>1km|1-6,1.21
SENGKANG|2 ROOM|80+|>1km|13+,0.91
SENGKANG|2 ROOM|80+|>1km|7-12,1.13
SENGKANG|3 ROOM|80+|500m-1km|1-6,1.93
SENGKANG|3 ROOM|80+|500m-1km|13+,2.15
SENGKANG|3 ROOM|80+|500m-1km|7-12,1.58
SENGKANG|3 ROOM|80+|<500m|1-6,3.89
SENGKANG|3 ROOM|80+|<500m|13+,6.76
SENGKANG|3 ROOM|80+|<500m|7-12,3.98
SENGKANG|3 ROOM|80+|>1km|1-6,0.63
SENGKANG|3 ROOM|80+|>1km|13+,0.3
SENGKANG|3 ROOM|80+|>1km|7-12,0.46
SENGKANG|4 ROOM|60-79|500m-1km|1-6,0.21
SENGKANG|4 ROOM|60-79|500m-1km|13+,0.36
SENGKANG|4 ROOM|60-79|500m-1km|7-12,0.22
SENGKANG|4 ROOM|60-79|<500m|1-6,0.3
SENGKANG|4 ROOM|60-79|<500m|13+,0.47
SENGKANG|4 ROOM|60-79|<500m|7-12,0.3
SENGKANG|4 ROOM|60-79|>1km|1-6,0.33
SENGKANG|4 ROOM|60-79|>1km|13+,0.31
SENGKANG|4 ROOM|60-79|>1km|7-12,0.34
SENGKANG|4 ROOM|80+|500m-1km|1-6,0.66
SENGKANG|4 ROOM|80+|500m-1km|13+,0.76
SENGKANG|4 ROOM|80+|500m-1km|7-12,0.47
SENGKANG|4 ROOM|80+|<500m|1-6,0.83
SENGKANG|4 ROOM|80+|<500m|13+,1.13
SENGKANG|4 ROOM|80+|<500m|7-12,0.68
SENGKANG|4 ROOM|80+|>1km|1-6,0.46
SENGKANG|4 ROOM|80+|>1km|13+,0.22
SENGKANG|4 ROOM|80+|>1km|7-12,0.35
SENGKANG|5 ROOM|60-79|500m-1km|1-6,0.12
SENGKANG|5 ROOM|60-79|500m-1km|13+,0.17
SENGKANG|5 ROOM|60-79|500m-1km|7-12,0.11
SENGKANG|5 ROOM|60-79|<500m|1-6,0.15
SENGKANG|5 ROOM|60-79|<500m|13+,0.22
SENGKANG|5 ROOM|60-79|<500m|7-12,0.13
SENGKANG|5 ROOM|60-79|>1km|1-6,0.29
SENGKANG|5 ROOM|60-79|>1km|13+,0.27
SENGKANG|5 ROOM|60-79|>1km|7-12,0.31
SENGKANG|5 ROOM|80+|500m-1km|1-6,0.79
SENGKANG|5 ROOM|80+|500m-1km|13+,1.0
SENGKANG|5 ROOM|80+|500m-1km|7-12,0.57
SENGKANG|5 ROOM|80+|<500m|1-6,0.77
SENGKANG|5 ROOM|80+|<500m|13+,1.09
SENGKANG|5 ROOM|80+|<500m|7-12,0.67
SENGKANG|5 ROOM|80+|>1km|1-6,1.11
SENGKANG|5 ROOM|80+|>1km|13+,0.53
SENGKANG|5 ROOM|80+|>1km|7-12,0.82
SENGKANG|EXECUTIVE|60-79|500m-1km|1-6,0.27
SENGKANG|EXECUTIVE|60-79|500m-1km|13+,0.48
SENGKANG|EXECUTIVE|60-79|500m-1km|7-12,0.24
SENGKANG|EXECUTIVE|60-79|<500m|1-6,0.61
SENGKANG|EXECUTIVE|60-79|<500m|13+,1.37
SENGKANG|EXECUTIVE|60-79|<500m|7-12,0.53
SENGKANG|EXECUTIVE|60-79|>1km|1-6,0.42
SENGKANG|EXECUTIVE|60-79|>1km|13+,0.82
SENGKANG|EXECUTIVE|60-79|>1km|7-12,0.35
SENGKANG|EXECUTIVE|80+|>1km|1-6,9.69
SENGKANG|EXECUTIVE|80+|>1km|13+,4.15
SENGKANG|EXECUTIVE|80+|>1km|7-12,9.69
SERANGOON|2 ROOM|<60|<500m|1-6,54.91
SERANGOON|2 ROOM|<60|<500m|7-12,25.35
SERANGOON|3 ROOM|60-79|<500m|1-6,3.18
SERANGOON|3 ROOM|60-79|>1km|1-6,17.05
SERANGOON|3 ROOM|60-79|>1km|7-12,18.75
SERANGOON|3 ROOM|<60|500m-1km|1-6,1.66
SERANGOON|3 ROOM|<60|500m-1km|7-12,2.82
SERANGOON|3 ROOM|<60|<500m|1-6,0.51
SERANGOON|3 ROOM|<60|<500m|13+,6.1
SERANGOON|3 ROOM|<60|<500m|7-12,0.79
SERANGOON|3 ROOM|<60|>1km|1-6,0.71
SERANGOON|3 ROOM|<60|>1km|7-12,5.44
SERANGOON|4 ROOM|60-79|<500m|1-6,1.04
SERANGOON|4 ROOM|60-79|<500m|13+,9.01
SERANGOON|4 ROOM|60-79|<500m|7-12,0.86
SERANGOON|4 ROOM|60-79|>1km|1-6,0.44
SERANGOON|4 ROOM|60-79|>1km|13+,4.75
SERANGOON|4 ROOM|60-79|>1km|7-12,0.66
SERANGOON|4 ROOM|<60|500m-1km|1-6,0.95
SERANGOON|4 ROOM|<60|500m-1km|13+,4.78
SERANGOON|4 ROOM|<60|500m-1km|7-12,1.18
SERANGOON|4 ROOM|<60|<500m|1-6,0.42
SERANGOON|4 ROOM|<60|<500m|13+,24.56
SERANGOON|4 ROOM|<60|<500m|7-12,0.52
SERANGOON|4 ROOM|<60|>1km|1-6,0.41
SERANGOON|4 ROOM|<60|>1km|13+,6.15
SERANGOON|4 ROOM|<60|>1km|7-12,1.35
SERANGOON|5 ROOM|60-79|<500m|1-6,0.7
SERANGOON|5 ROOM|60-79|<500m|13+,11.95
SERANGOON|5 ROOM|60-79|<500m|7-12,0.92
SERANGOON|5 ROOM|60-79|>1km|1-6,0.75
SERANGOON|5 ROOM|60-79|>1km|13+,4.36
SERANGOON|5 ROOM|60-79|>1km|7-12,0.81
SERANGOON|5 ROOM|<60|500m-1km|1-6,1.16
SERANGOON|5 ROOM|<60|500m-1km|13+,6.22
SERANGOON|5 ROOM|<60|<500m|1-6,0.49
SERANGOON|5 ROOM|<60|<500m|7-12,0.53
SERANGOON|5 ROOM|<60|>1km|1-6,2.74
SERANGOON|5 ROOM|<60|>1km|7-12,1.96
SERANGOON|EXECUTIVE|60-79|<500m|1-6,0.99
SERANGOON|EXECUTIVE|60-79|<500m|13+,2.07
SERANGOON|EXECUTIVE|60-79|<500m|7-12,1.07
SERANGOON|EXECUTIVE|60-79|>1km|1-6,0.6
SERANGOON|EXECUTIVE|60-79|>1km|13+,2.92
SERANGOON|EXECUTIVE|60-79|>1km|7-12,1.01
SERANGOON|EXECUTIVE|<60|<500m|1-6,0.69
SERANGOON|EXECUTIVE|<60|<500m|7-12,1.61
SERANGOON|EXECUTIVE|<60|>1km|1-6,1.17
SERANGOON|EXECUTIVE|<60|>1km|7-12,3.93
TAMPINES|2 ROOM|80+|500m-1km|1-6,3.85
TAMPINES|2 ROOM|80+|500m-1km|13+,9.15
TAMPINES|2 ROOM|80+|500m-1km|7-12,3.22
TAMPINES|2 ROOM|80+|<500m|1-6,3.27
TAMPINES|2 ROOM|80+|<500m|7-12,8.68
TAMPINES|3 ROOM|60-79|500m-1km|1-6,1.11
TAMPINES|3 ROOM|60-79|500m-1km|7-12,5.16
TAMPINES|3 ROOM|60-79|<500m|1-6,3.53
TAMPINES|3 ROOM|60-79|<500m|7-12,3.32
TAMPINES|3 ROOM|60-79|>1km|1-6,5.18
TAMPINES|3 ROOM|60-79|>1km|7-12,4.98
TAMPINES|3 ROOM|80+|500m-1km|1-6,1.13
TAMPINES|3 ROOM|80+|500m-1km|13+,3.06
TAMPINES|3 ROOM|80+|500m-1km|7-12,1.19
TAMPINES|3 ROOM|80+|<500m|1-6,3.17
TAMPINES|3 ROOM|80+|<500m|13+,6.65
TAMPINES|3 ROOM|80+|<500m|7-12,2.43
TAMPINES|3 ROOM|80+|>1km|1-6,1.88
TAMPINES|3 ROOM|80+|>1km|13+,3.16
TAMPINES|3 ROOM|80+|>1km|7-12,1.59
TAMPINES|3 ROOM|<60|500m-1km|1-6,0.16
TAMPINES|3 ROOM|<60|500m-1km|13+,33.5
TAMPINES|3 ROOM|<60|500m-1km|7-12,0.31
TAMPINES|3 ROOM|<60|<500m|1-6,0.17
TAMPINES|3 ROOM|<60|<500m|13+,26.29
TAMPINES|3 ROOM|<60|<500m|7-12,0.25
TAMPINES|4 ROOM|60-79|500m-1km|1-6,0.15
TAMPINES|4 ROOM|60-79|500m-1km|13+,1.29
TAMPINES|4 ROOM|60-79|500m-1km|7-12,0.18
TAMPINES|4 ROOM|60-79|<500m|1-6,0.14
TAMPINES|4 ROOM|60-79|<500m|13+,28.38
TAMPINES|4 ROOM|60-79|<500m|7-12,0.22
TAMPINES|4 ROOM|60-79|>1km|1-6,1.71
TAMPINES|4 ROOM|60-79|>1km|13+,18.81
TAMPINES|4 ROOM|60-79|>1km|7-12,1.28
TAMPINES|4 ROOM|80+|500m-1km|1-6,1.55
TAMPINES|4 ROOM|80+|500m-1km|13+,1.65
TAMPINES|4 ROOM|80+|500m-1km|7-12,0.73
TAMPINES|4 ROOM|80+|<500m|1-6,1.57
TAMPINES|4 ROOM|80+|<500m|13+,2.89
TAMPINES|4 ROOM|80+|<500m|7-12,1.45
TAMPINES|4 ROOM|80+|>1km|1-6,1.15
TAMPINES|4 ROOM|80+|>1km|13+,1.88
TAMPINES|4 ROOM|80+|>1km|7-12,0.94
TAMPINES|4 ROOM|<60|500m-1km|1-6,0.16
TAMPINES|4 ROOM|<60|500m-1km|13+,12.9
TAMPINES|4 ROOM|<60|500m-1km|7-12,0.25
TAMPINES|4 ROOM|<60|<500m|1-6,0.15
TAMPINES|4 ROOM|<60|<500m|13+,8.36
TAMPINES|4 ROOM|<60|<500m|7-12,0.21
TAMPINES|5 ROOM|60-79|500m-1km|1-6,0.07
TAMPINES|5 ROOM|60-79|500m-1km|13+,0.51
TAMPINES|5 ROOM|60-79|500m-1km|7-12,0.12
TAMPINES|5 ROOM|60-79|<500m|1-6,0.1
TAMPINES|5 ROOM|60-79|<500m|13+,3.85
TAMPINES|5 ROOM|60-79|<500m|7-12,0.14
TAMPINES|5 ROOM|60-79|>1km|1-6,0.89
TAMPINES|5 ROOM|60-79|>1km|13+,4.54
TAMPINES|5 ROOM|60-79|>1km|7-12,0.83
TAMPINES|5 ROOM|80+|500m-1km|1-6,5.34
TAMPINES|5 ROOM|80+|500m-1km|13+,7.36
TAMPINES|5 ROOM|80+|500m-1km|7-12,3.26
TAMPINES|5 ROOM|80+|<500m|1-6,1.57
TAMPINES|5 ROOM|80+|<500m|13+,3.02
TAMPINES|5 ROOM|80+|<500m|7-12,1.27
TAMPINES|5 ROOM|80+|>1km|1-6,1.04
TAMPINES|5 ROOM|80+|>1km|13+,1.16
TAMPINES|5 ROOM|80+|>1km|7-12,0.75
TAMPINES|5 ROOM|<60|500m-1km|1-6,0.33
TAMPINES|5 ROOM|<60|500m-1km|7-12,0.47
TAMPINES|5 ROOM|<60|<500m|1-6,0.19
TAMPINES|5 ROOM|<60|<500m|13+,9.76
TAMPINES|5 ROOM|<60|<500m|7-12,0.3
TAMPINES|EXECUTIVE|60-79|500m-1km|1-6,0.16
TAMPINES|EXECUTIVE|60-79|500m-1km|13+,7.37
TAMPINES|EXECUTIVE|60-79|500m-1km|7-12,0.18
TAMPINES|EXECUTIVE|60-79|<500m|1-6,0.18
TAMPINES|EXECUTIVE|60-79|<500m|13+,21.26
TAMPINES|EXECUTIVE|60-79|<500m|7-12,0.27
TAMPINES|EXECUTIVE|60-79|>1km|1-6,1.08
TAMPINES|EXECUTIVE|60-79|>1km|13+,9.03
TAMPINES|EXECUTIVE|60-79|>1km|7-12,1.77
TAMPINES|EXECUTIVE|<60|500m-1km|1-6,0.2
TAMPINES|EXECUTIVE|<60|500m-1km|7-12,0.38
TAMPINES|EXECUTIVE|<60|<500m|1-6,0.35
TAMPINES|EXECUTIVE|<60|<500m|7-12,0.56
TOA PAYOH|2 ROOM|<60|500m-1km|1-6,2.73
TOA PAYOH|2 ROOM|<60|500m-1km|13+,59.58
TOA PAYOH|2 ROOM|<60|500m-1km|7-12,2.43
TOA PAYOH|2 ROOM|<60|<500m|1-6,4.25
TOA PAYOH|2 ROOM|<60|<500m|7-12,7.03
TOA PAYOH|3 ROOM|60-79|<500m|1-6,3.23
TOA PAYOH|3 ROOM|80+|500m-1km|1-6,10.64
TOA PAYOH|3 ROOM|80+|500m-1km|13+,3.13
TOA PAYOH|3 ROOM|80+|500m-1km|7-12,7.79
TOA PAYOH|3 ROOM|80+|<500m|1-6,1.83
TOA PAYOH|3 ROOM|80+|<500m|13+,1.55
TOA PAYOH|3 ROOM|80+|<500m|7-12,1.1
TOA PAYOH|3 ROOM|<60|500m-1km|1-6,0.49
TOA PAYOH|3 ROOM|<60|500m-1km|13+,10.75
TOA PAYOH|3 ROOM|<60|500m-1km|7-12,0.74
TOA PAYOH|3 ROOM|<60|<500m|1-6,0.27
TOA PAYOH|3 ROOM|<60|<500m|13+,1.64
TOA PAYOH|3 ROOM|<60|<500m|7-12,0.39
TOA PAYOH|3 ROOM|<60|>1km|1-6,1.21
TOA PAYOH|3 ROOM|<60|>1km|13+,26.06
TOA PAYOH|3 ROOM|<60|>1km|7-12,1.19
TOA PAYOH|4 ROOM|60-79|500m-1km|1-6,1.29
TOA PAYOH|4 ROOM|60-79|500m-1km|13+,5.02
TOA PAYOH|4 ROOM|60-79|500m-1km|7-12,1.76
TOA PAYOH|4 ROOM|60-79|<500m|1-6,1.17
TOA PAYOH|4 ROOM|60-79|<500m|13+,1.06
TOA PAYOH|4 ROOM|60-79|<500m|7-12,1.07
TOA PAYOH|4 ROOM|60-79|>1km|1-6,1.32
TOA PAYOH|4 ROOM|60-79|>1km|13+,5.95
TOA PAYOH|4 ROOM|60-79|>1km|7-12,1.72
TOA PAYOH|4 ROOM|80+|500m-1km|1-6,15.3
TOA PAYOH|4 ROOM|80+|500m-1km|13+,4.58
TOA PAYOH|4 ROOM|80+|500m-1km|7-12,9.84
TOA PAYOH|4 ROOM|80+|<500m|1-6,1.22
TOA PAYOH|4 ROOM|80+|<500m|13+,0.47
TOA PAYOH|4 ROOM|80+|<500m|7-12,0.7
TOA PAYOH|4 ROOM|<60|500m-1km|1-6,0.77
TOA PAYOH|4 ROOM|<60|500m-1km|13+,2.59
TOA PAYOH|4 ROOM|<60|500m-1km|7-12,0.97
TOA PAYOH|4 ROOM|<60|<500m|1-6,0.45
TOA PAYOH|4 ROOM|<60|<500m|13+,1.66
TOA PAYOH|4 ROOM|<60|<500m|7-12,1.0
TOA PAYOH|4 ROOM|<60|>1km|1-6,4.71
TOA PAYOH|4 ROOM|<60|>1km|13+,5.74
TOA PAYOH|4 ROOM|<60|>1km|7-12,3.4
TOA PAYOH|5 ROOM|60-79|500m-1km|1-6,0.51
TOA PAYOH|5 ROOM|60-79|500m-1km|13+,3.12
TOA PAYOH|5 ROOM|60-79|500m-1km|7-12,1.0
TOA PAYOH|5 ROOM|60-79|<500m|1-6,0.57
TOA PAYOH|5 ROOM|60-79|<500m|13+,0.61
TOA PAYOH|5 ROOM|60-79|<500m|7-12,0.56
TOA PAYOH|5 ROOM|60-79|>1km|1-6,0.76
TOA PAYOH|5 ROOM|60-79|>1km|13+,1.63
TOA PAYOH|5 ROOM|60-79|>1km|7-12,1.6
TOA PAYOH|5 ROOM|80+|<500m|1-6,2.81
TOA PAYOH|5 ROOM|80+|<500m|13+,1.5
TOA PAYOH|5 ROOM|80+|<500m|7-12,3.26
TOA PAYOH|5 ROOM|<60|500m-1km|1-6,1.06
TOA PAYOH|5 ROOM|<60|500m-1km|13+,1.09
TOA PAYOH|5 ROOM|<60|500m-1km|7-12,0.93
TOA PAYOH|5 ROOM|<60|<500m|1-6,0.54
TOA PAYOH|5 ROOM|<60|<500m|13+,0.66
TOA PAYOH|5 ROOM|<60|<500m|7-12,0.47
TOA PAYOH|5 ROOM|<60|>1km|1-6,1.91
TOA PAYOH|5 ROOM|<60|>1km|13+,3.28
TOA PAYOH|5 ROOM|<60|>1km|7-12,1.62
TOA PAYOH|EXECUTIVE|60-79|500m-1km|1-6,3.75
TOA PAYOH|EXECUTIVE|60-79|500m-1km|13+,4.31
TOA PAYOH|EXECUTIVE|60-79|500m-1km|7-12,4.81
TOA PAYOH|EXECUTIVE|60-79|<500m|1-6,2.76
TOA PAYOH|EXECUTIVE|60-79|<500m|13+,46.17
TOA PAYOH|EXECUTIVE|60-79|<500m|7-12,7.83
TOA PAYOH|EXECUTIVE|60-79|>1km|1-6,2.55
TOA PAYOH|EXECUTIVE|60-79|>1km|7-12,3.98
TOA PAYOH|EXECUTIVE|<60|500m-1km|1-6,2.77
TOA PAYOH|EXECUTIVE|<60|<500m|1-6,0.32
WOODLANDS|2 ROOM|80+|500m-1km|1-6,2.0
WOODLANDS|2 ROOM|80+|500m-1km|13+,2.6
WOODLANDS|2 ROOM|80+|500m-1km|7-12,1.8
WOODLANDS|2 ROOM|80+|<500m|1-6,1.49
WOODLANDS|2 ROOM|80+|<500m|13+,3.83
WOODLANDS|2 ROOM|80+|<500m|7-12,0.83
WOODLANDS|2 ROOM|<60|>1km|7-12,6.36
WOODLANDS|3 ROOM|60-79|500m-1km|1-6,0.53
WOODLANDS|3 ROOM|60-79|500m-1km|7-12,19.29
WOODLANDS|3 ROOM|60-79|<500m|1-6,0.27
WOODLANDS|3 ROOM|60-79|<500m|7-12,1.14
WOODLANDS|3 ROOM|80+|500m-1km|1-6,1.48
WOODLANDS|3 ROOM|80+|500m-1km|13+,1.3
WOODLANDS|3 ROOM|80+|500m-1km|7-12,1.13
WOODLANDS|3 ROOM|80+|<500m|1-6,1.28
WOODLANDS|3 ROOM|80+|<500m|13+,1.97
WOODLANDS|3 ROOM|80+|<500m|7-12,1.26
WOODLANDS|3 ROOM|<60|500m-1km|1-6,1.28
WOODLANDS|3 ROOM|<60|500m-1km|13+,17.86
WOODLANDS|3 ROOM|<60|500m-1km|7-12,2.0
WOODLANDS|3 ROOM|<60|<500m|1-6,0.88
WOODLANDS|3 ROOM|<60|<500m|7-12,1.62
WOODLANDS|3 ROOM|<60|>1km|1-6,1.1
WOODLANDS|3 ROOM|<60|>1km|13+,7.8
WOODLANDS|3 ROOM|<60|>1km|7-12,1.33
WOODLANDS|4 ROOM|60-79|500m-1km|1-6,0.11
WOODLANDS|4 ROOM|60-79|500m-1km|13+,1.21
WOODLANDS|4 ROOM|60-79|500m-1km|7-12,0.14
WOODLANDS|4 ROOM|60-79|<500m|1-6,0.1
WOODLANDS|4 ROOM|60-79|<500m|13+,4.53
WOODLANDS|4 ROOM|60-79|<500m|7-12,0.15
WOODLANDS|4 ROOM|80+|500m-1km|1-6,1.11
WOODLANDS|4 ROOM|80+|500m-1km|13+,1.29
WOODLANDS|4 ROOM|80+|500m-1km|7-12,0.8
WOODLANDS|4 ROOM|80+|<500m|1-6,1.15
WOODLANDS|4 ROOM|80+|<500m|13+,1.62
WOODLANDS|4 ROOM|80+|<500m|7-12,0.93
WOODLANDS|4 ROOM|80+|>1km|1-6,32.33
WOODLANDS|4 ROOM|80+|>1km|13+,12.26
WOODLANDS|4 ROOM|80+|>1km|7-12,25.4
WOODLANDS|4 ROOM|<60|500m-1km|1-6,0.77
WOODLANDS|4 ROOM|<60|500m-1km|13+,40.71
WOODLANDS|4 ROOM|<60|500m-1km|7-12,1.39
WOODLANDS|4 ROOM|<60|<500m|1-6,0.63
WOODLANDS|4 ROOM|<60|<500m|13+,17.88
WOODLANDS|4 ROOM|<60|<500m|7-12,0.84
WOODLANDS|4 ROOM|<60|>1km|1-6,1.52
WOODLANDS|4 ROOM|<60|>1km|13+,6.96
WOODLANDS|4 ROOM|<60|>1km|7-12,0.97
WOODLANDS|5 ROOM|60-79|500m-1km|1-6,0.06
WOODLANDS|5 ROOM|60-79|500m-1km|13+,0.64
WOODLANDS|5 ROOM|60-79|500m-1km|7-12,0.07
WOODLANDS|5 ROOM|60-79|<500m|1-6,0.07
WOODLANDS|5 ROOM|60-79|<500m|13+,1.35
WOODLANDS|5 ROOM|60-79|<500m|7-12,0.08
WOODLANDS|5 ROOM|80+|500m-1km|1-6,0.69
WOODLANDS|5 ROOM|80+|500m-1km|13+,1.37
WOODLANDS|5 ROOM|80+|500m-1km|7-12,0.62
WOODLANDS|5 ROOM|80+|<500m|1-6,0.81
WOODLANDS|5 ROOM|80+|<500m|13+,2.98
WOODLANDS|5 ROOM|80+|<500m|7-12,0.63
WOODLANDS|5 ROOM|<60|500m-1km|1-6,2.36
WOODLANDS|5 ROOM|<60|500m-1km|13+,8.8
WOODLANDS|5 ROOM|<60|500m-1km|7-12,2.09
WOODLANDS|5 ROOM|<60|<500m|1-6,2.68
WOODLANDS|5 ROOM|<60|<500m|7-12,4.76
WOODLANDS|5 ROOM|<60|>1km|1-6,1.51
WOODLANDS|5 ROOM|<60|>1km|13+,1.38
WOODLANDS|5 ROOM|<60|>1km|7-12,1.42
WOODLANDS|EXECUTIVE|60-79|500m-1km|1-6,0.12
WOODLANDS|EXECUTIVE|60-79|500m-1km|13+,6.23
WOODLANDS|EXECUTIVE|60-79|500m-1km|7-12,0.17
WOODLANDS|EXECUTIVE|60-79|<500m|1-6,0.07
WOODLANDS|EXECUTIVE|60-79|<500m|13+,2.73
WOODLANDS|EXECUTIVE|60-79|<500m|7-12,0.1
WOODLANDS|EXECUTIVE|<60|500m-1km|1-6,1.11
WOODLANDS|EXECUTIVE|<60|<500m|1-6,1.47
WOODLANDS|EXECUTIVE|<60|>1km|1-6,1.24
YISHUN|2 ROOM|60-79|>1km|1-6,21.22
YISHUN|2 ROOM|60-79|>1km|7-12,21.22
YISHUN|2 ROOM|80+|500m-1km|1-6,9.95
YISHUN|2 ROOM|80+|500m-1km|13+,32.25
YISHUN|2 ROOM|80+|500m-1km|7-12,8.83
YISHUN|2 ROOM|80+|>1km|1-6,0.69
YISHUN|2 ROOM|80+|>1km|13+,2.4
YISHUN|2 ROOM|80+|>1km|7-12,0.54
YISHUN|3 ROOM|60-79|500m-1km|1-6,0.46
YISHUN|3 ROOM|60-79|500m-1km|13+,16.02
YISHUN|3 ROOM|60-79|500m-1km|7-12,0.94
YISHUN|3 ROOM|60-79|<500m|1-6,0.54
YISHUN|3 ROOM|60-79|<500m|7-12,0.73
YISHUN|3 ROOM|60-79|>1km|1-6,1.4
YISHUN|3 ROOM|60-79|>1km|7-12,1.52
YISHUN|3 ROOM|80+|500m-1km|1-6,1.14
YISHUN|3 ROOM|80+|500m-1km|13+,1.87
YISHUN|3 ROOM|80+|500m-1km|7-12,0.91
YISHUN|3 ROOM|80+|<500m|1-6,9.86
YISHUN|3 ROOM|80+|<500m|13+,67.05
YISHUN|3 ROOM|80+|<500m|7-12,7.89
YISHUN|3 ROOM|80+|>1km|1-6,0.43
YISHUN|3 ROOM|80+|>1km|13+,1.3
YISHUN|3 ROOM|80+|>1km|7-12,0.36
YISHUN|3 ROOM|<60|500m-1km|1-6,0.18
YISHUN|3 ROOM|<60|500m-1km|7-12,0.3
YISHUN|3 ROOM|<60|<500m|1-6,0.18
YISHUN|3 ROOM|<60|<500m|7-12,0.39
YISHUN|3 ROOM|<60|>1km|1-6,3.58
YISHUN|3 ROOM|<60|>1km|7-12,5.56
YISHUN|4 ROOM|60-79|500m-1km|1-6,0.33
YISHUN|4 ROOM|60-79|500m-1km|13+,7.1
YISHUN|4 ROOM|60-79|500m-1km|7-12,0.53
YISHUN|4 ROOM|60-79|<500m|1-6,0.63
YISHUN|4 ROOM|60-79|<500m|7-12,0.62
YISHUN|4 ROOM|60-79|>1km|1-6,0.39
YISHUN|4 ROOM|60-79|>1km|7-12,0.42
YISHUN|4 ROOM|80+|500m-1km|1-6,0.95
YISHUN|4 ROOM|80+|500m-1km|13+,1.76
YISHUN|4 ROOM|80+|500m-1km|7-12,0.73
YISHUN|4 ROOM|80+|>1km|1-6,0.32
YISHUN|4 ROOM|80+|>1km|13+,1.08
YISHUN|4 ROOM|80+|>1km|7-12,0.27
YISHUN|4 ROOM|<60|500m-1km|1-6,0.14
YISHUN|4 ROOM|<60|500m-1km|13+,9.37
YISHUN|4 ROOM|<60|500m-1km|7-12,0.19
YISHUN|4 ROOM|<60|<500m|1-6,0.17
YISHUN|4 ROOM|<60|<500m|7-12,0.21
YISHUN|4 ROOM|<60|>1km|1-6,2.99
YISHUN|4 ROOM|<60|>1km|7-12,3.68
YISHUN|5 ROOM|60-79|500m-1km|1-6,0.17
YISHUN|5 ROOM|60-79|500m-1km|13+,7.7
YISHUN|5 ROOM|60-79|500m-1km|7-12,0.24
YISHUN|5 ROOM|60-79|<500m|1-6,0.28
YISHUN|5 ROOM|60-79|<500m|7-12,0.66
YISHUN|5 ROOM|60-79|>1km|1-6,1.07
YISHUN|5 ROOM|60-79|>1km|7-12,2.32
YISHUN|5 ROOM|80+|500m-1km|1-6,0.98
YISHUN|5 ROOM|80+|500m-1km|13+,1.94
YISHUN|5 ROOM|80+|500m-1km|7-12,0.92
YISHUN|5 ROOM|80+|>1km|1-6,1.18
YISHUN|5 ROOM|80+|>1km|13+,3.27
YISHUN|5 ROOM|80+|>1km|7-12,0.67
YISHUN|5 ROOM|<60|500m-1km|1-6,0.17
YISHUN|5 ROOM|<60|500m-1km|7-12,0.23
YISHUN|5 ROOM|<60|<500m|1-6,0.17
YISHUN|5 ROOM|<60|<500m|13+,3.22
YISHUN|5 ROOM|<60|<500m|7-12,0.21
YISHUN|5 ROOM|<60|>1km|1-6,2.93
YISHUN|EXECUTIVE|60-79|500m-1km|1-6,0.27
YISHUN|EXECUTIVE|60-79|500m-1km|13+,48.21
YISHUN|EXECUTIVE|60-79|500m-1km|7-12,0.63
YISHUN|EXECUTIVE|60-79|<500m|1-6,0.53
YISHUN|EXECUTIVE|60-79|<500m|7-12,1.56
YISHUN|EXECUTIVE|60-79|>1km|1-6,0.33
YISHUN|EXECUTIVE|60-79|>1km|7-12,0.99
YISHUN|EXECUTIVE|<60|500m-1km|1-6,0.66
YISHUN|EXECUTIVE|<60|500m-1km|7-12,0.68
YISHUN|EXECUTIVE|<60|<500m|1-6,0.68
YISHUN|EXECUTIVE|<60|<500m|7-12,0.61
