profile_id,price
ANG MO KIO|2 ROOM|80+|<500m|13+,518000.0
ANG MO KIO|2 ROOM|<60|500m-1km|1-6,277000.0
ANG MO KIO|2 ROOM|<60|500m-1km|7-12,296000.0
ANG MO KIO|2 ROOM|<60|<500m|1-6,330000.0
ANG MO KIO|2 ROOM|<60|<500m|7-12,345000.0
ANG MO KIO|3 ROOM|60-79|<500m|1-6,416000.0
ANG MO KIO|3 ROOM|80+|500m-1km|1-6,659000.0
ANG MO KIO|3 ROOM|80+|500m-1km|13+,700000.0
ANG MO KIO|3 ROOM|80+|500m-1km|7-12,632000.0
ANG MO KIO|3 ROOM|80+|<500m|1-6,710000.0
ANG MO KIO|3 ROOM|80+|<500m|13+,759500.0
ANG MO KIO|3 ROOM|80+|<500m|7-12,710000.0
ANG MO KIO|3 ROOM|<60|500m-1km|1-6,410000.0
ANG MO KIO|3 ROOM|<60|500m-1km|13+,451500.0
ANG MO KIO|3 ROOM|<60|500m-1km|7-12,430000.0
ANG MO KIO|3 ROOM|<60|<500m|1-6,435000.0
ANG MO KIO|3 ROOM|<60|<500m|13+,400000.0
ANG MO KIO|3 ROOM|<60|<500m|7-12,455000.0
ANG MO KIO|3 ROOM|<60|>1km|1-6,399500.0
ANG MO KIO|3 ROOM|<60|>1km|13+,430000.0
ANG MO KIO|3 ROOM|<60|>1km|7-12,447944.0
ANG MO KIO|4 ROOM|60-79|500m-1km|1-6,713000.0
ANG MO KIO|4 ROOM|60-79|500m-1km|13+,844444.44
ANG MO KIO|4 ROOM|60-79|500m-1km|7-12,785000.0
ANG MO KIO|4 ROOM|60-79|<500m|1-6,725000.0
ANG MO KIO|4 ROOM|60-79|<500m|13+,904000.0
ANG MO KIO|4 ROOM|60-79|<500m|7-12,756944.0
ANG MO KIO|4 ROOM|80+|500m-1km|1-6,888000.0
ANG MO KIO|4 ROOM|80+|500m-1km|13+,965500.0
ANG MO KIO|4 ROOM|80+|500m-1km|7-12,927500.0
ANG MO KIO|4 ROOM|80+|<500m|1-6,927500.0
ANG MO KIO|4 ROOM|80+|<500m|13+,1064944.0
ANG MO KIO|4 ROOM|80+|<500m|7-12,993888.0
ANG MO KIO|4 ROOM|<60|500m-1km|1-6,525888.0
ANG MO KIO|4 ROOM|<60|500m-1km|13+,558250.0
ANG MO KIO|4 ROOM|<60|500m-1km|7-12,562000.0
ANG MO KIO|4 ROOM|<60|<500m|1-6,543000.0
ANG MO KIO|4 ROOM|<60|<500m|13+,613000.0
ANG MO KIO|4 ROOM|<60|<500m|7-12,585000.0
ANG MO KIO|4 ROOM|<60|>1km|1-6,520000.0
ANG MO KIO|4 ROOM|<60|>1km|13+,555444.0
ANG MO KIO|4 ROOM|<60|>1km|7-12,515000.0
ANG MO KIO|5 ROOM|60-79|500m-1km|1-6,924000.0
ANG MO KIO|5 ROOM|60-79|500m-1km|13+,1000800.0
ANG MO KIO|5 ROOM|60-79|500m-1km|7-12,970000.0
ANG MO KIO|5 ROOM|60-79|<500m|1-6,947500.0
ANG MO KIO|5 ROOM|60-79|<500m|13+,1004444.0
ANG MO KIO|5 ROOM|60-79|<500m|7-12,941500.0
ANG MO KIO|5 ROOM|80+|500m-1km|1-6,1140000.0
ANG MO KIO|5 ROOM|80+|500m-1km|13+,1295000.0
ANG MO KIO|5 ROOM|80+|500m-1km|7-12,1242500.0
ANG MO KIO|5 ROOM|80+|<500m|1-6,1120000.0
ANG MO KIO|5 ROOM|80+|<500m|13+,1250000.0
ANG MO KIO|5 ROOM|80+|<500m|7-12,1162944.0
ANG MO KIO|5 ROOM|<60|500m-1km|1-6,720000.0
ANG MO KIO|5 ROOM|<60|500m-1km|13+,808000.0
ANG MO KIO|5 ROOM|<60|500m-1km|7-12,755000.0
ANG MO KIO|5 ROOM|<60|<500m|1-6,735000.0
ANG MO KIO|5 ROOM|<60|<500m|13+,830000.0
ANG MO KIO|5 ROOM|<60|<500m|7-12,787500.0
ANG MO KIO|5 ROOM|<60|>1km|1-6,710000.0
ANG MO KIO|5 ROOM|<60|>1km|13+,760000.0
ANG MO KIO|5 ROOM|<60|>1km|7-12,738000.0
ANG MO KIO|EXECUTIVE|60-79|<500m|1-6,1201888.0
ANG MO KIO|EXECUTIVE|<60|500m-1km|7-12,1090000.0
ANG MO KIO|EXECUTIVE|<60|<500m|7-12,1350000.0
BEDOK|2 ROOM|80+|500m-1km|13+,415000.0
BEDOK|2 ROOM|80+|500m-1km|7-12,420000.0
BEDOK|2 ROOM|<60|500m-1km|1-6,325000.0
BEDOK|2 ROOM|<60|500m-1km|13+,340000.0
BEDOK|2 ROOM|<60|500m-1km|7-12,310000.0
BEDOK|2 ROOM|<60|<500m|1-6,330000.0
BEDOK|2 ROOM|<60|<500m|7-12,300888.0
BEDOK|3 ROOM|60-79|<500m|1-6,450000.0
BEDOK|3 ROOM|60-79|<500m|7-12,459000.0
BEDOK|3 ROOM|80+|500m-1km|1-6,617500.0
BEDOK|3 ROOM|80+|500m-1km|13+,666000.0
BEDOK|3 ROOM|80+|500m-1km|7-12,635000.0
BEDOK|3 ROOM|80+|<500m|1-6,662000.0
BEDOK|3 ROOM|80+|<500m|13+,663000.0
BEDOK|3 ROOM|80+|<500m|7-12,660000.0
BEDOK|3 ROOM|<60|500m-1km|1-6,400000.0
BEDOK|3 ROOM|<60|500m-1km|13+,418444.0
BEDOK|3 ROOM|<60|500m-1km|7-12,415000.0
BEDOK|3 ROOM|<60|<500m|1-6,413888.0
BEDOK|3 ROOM|<60|<500m|13+,410000.0
BEDOK|3 ROOM|<60|<500m|7-12,420000.0
BEDOK|4 ROOM|60-79|500m-1km|1-6,688888.0
BEDOK|4 ROOM|60-79|500m-1km|13+,804000.0
BEDOK|4 ROOM|60-79|500m-1km|7-12,731500.0
BEDOK|4 ROOM|60-79|<500m|1-6,700000.0
BEDOK|4 ROOM|60-79|<500m|13+,794000.0
BEDOK|4 ROOM|60-79|<500m|7-12,720000.0
BEDOK|4 ROOM|80+|500m-1km|1-6,880000.0
BEDOK|4 ROOM|80+|500m-1km|13+,950000.0
BEDOK|4 ROOM|80+|500m-1km|7-12,860000.0
BEDOK|4 ROOM|80+|<500m|1-6,835344.0
BEDOK|4 ROOM|80+|<500m|13+,950000.0
BEDOK|4 ROOM|80+|<500m|7-12,940000.0
BEDOK|4 ROOM|<60|500m-1km|1-6,510888.0
BEDOK|4 ROOM|<60|500m-1km|13+,515000.0
BEDOK|4 ROOM|<60|500m-1km|7-12,540000.0
BEDOK|4 ROOM|<60|<500m|1-6,540000.0
BEDOK|4 ROOM|<60|<500m|13+,485000.0
BEDOK|4 ROOM|<60|<500m|7-12,550000.0
BEDOK|5 ROOM|60-79|500m-1km|1-6,850000.0
BEDOK|5 ROOM|60-79|500m-1km|13+,895000.0
BEDOK|5 ROOM|60-79|500m-1km|7-12,921944.0
BEDOK|5 ROOM|60-79|<500m|1-6,809000.0
BEDOK|5 ROOM|60-79|<500m|13+,878444.0
BEDOK|5 ROOM|60-79|<500m|7-12,870000.0
BEDOK|5 ROOM|80+|500m-1km|1-6,1280000.0
BEDOK|5 ROOM|80+|500m-1km|13+,1400000.0
BEDOK|5 ROOM|80+|500m-1km|7-12,1414444.0
BEDOK|5 ROOM|80+|<500m|1-6,1056888.0
BEDOK|5 ROOM|80+|<500m|7-12,1090000.0
BEDOK|5 ROOM|<60|500m-1km|1-6,657500.0
BEDOK|5 ROOM|<60|500m-1km|13+,738000.0
BEDOK|5 ROOM|<60|500m-1km|7-12,700000.0
BEDOK|5 ROOM|<60|<500m|1-6,649000.0
BEDOK|5 ROOM|<60|<500m|13+,730000.0
BEDOK|5 ROOM|<60|<500m|7-12,731000.0
BEDOK|EXECUTIVE|60-79|500m-1km|1-6,970000.0
BEDOK|EXECUTIVE|60-79|500m-1km|13+,1071500.0
BEDOK|EXECUTIVE|60-79|500m-1km|7-12,1030000.0
BEDOK|EXECUTIVE|60-79|<500m|1-6,995000.0
BEDOK|EXECUTIVE|60-79|<500m|7-12,1220000.0
BEDOK|EXECUTIVE|<60|500m-1km|1-6,1000000.0
BEDOK|EXECUTIVE|<60|500m-1km|13+,1030000.0
BEDOK|EXECUTIVE|<60|500m-1km|7-12,1100000.0
BEDOK|EXECUTIVE|<60|<500m|1-6,938000.0
BEDOK|EXECUTIVE|<60|<500m|7-12,990000.0
BISHAN|3 ROOM|60-79|500m-1km|1-6,551000.0
BISHAN|3 ROOM|60-79|500m-1km|7-12,581000.0
BISHAN|3 ROOM|60-79|<500m|1-6,545000.0
BISHAN|3 ROOM|60-79|<500m|7-12,574444.0
BISHAN|3 ROOM|<60|500m-1km|1-6,377000.0
BISHAN|3 ROOM|<60|500m-1km|7-12,368000.0
BISHAN|3 ROOM|<60|<500m|1-6,520000.0
BISHAN|3 ROOM|<60|<500m|13+,563000.0
BISHAN|3 ROOM|<60|<500m|7-12,539000.0
BISHAN|4 ROOM|60-79|500m-1km|1-6,767500.0
BISHAN|4 ROOM|60-79|500m-1km|13+,917500.0
BISHAN|4 ROOM|60-79|500m-1km|7-12,755444.0
BISHAN|4 ROOM|60-79|<500m|1-6,827500.0
BISHAN|4 ROOM|60-79|<500m|7-12,810000.0
BISHAN|4 ROOM|60-79|>1km|1-6,785000.0
BISHAN|4 ROOM|60-79|>1km|13+,955000.0
BISHAN|4 ROOM|60-79|>1km|7-12,870000.0
BISHAN|4 ROOM|80+|500m-1km|1-6,1090000.0
BISHAN|4 ROOM|80+|500m-1km|13+,1250000.0
BISHAN|4 ROOM|<60|500m-1km|1-6,660000.0
BISHAN|4 ROOM|<60|500m-1km|7-12,710000.0
BISHAN|4 ROOM|<60|<500m|1-6,716944.0
BISHAN|4 ROOM|<60|<500m|13+,805000.0
BISHAN|4 ROOM|<60|<500m|7-12,740000.0
BISHAN|5 ROOM|60-79|500m-1km|1-6,915000.0
BISHAN|5 ROOM|60-79|500m-1km|13+,1138000.0
BISHAN|5 ROOM|60-79|500m-1km|7-12,955000.0
BISHAN|5 ROOM|60-79|<500m|1-6,942500.0
BISHAN|5 ROOM|60-79|<500m|13+,1080000.0
BISHAN|5 ROOM|60-79|<500m|7-12,992500.0
BISHAN|5 ROOM|60-79|>1km|1-6,1080000.0
BISHAN|5 ROOM|60-79|>1km|7-12,1090000.0
BISHAN|5 ROOM|80+|500m-1km|1-6,1352900.0
BISHAN|5 ROOM|80+|500m-1km|13+,1580000.0
BISHAN|5 ROOM|<60|500m-1km|1-6,937500.0
BISHAN|5 ROOM|<60|500m-1km|13+,880000.0
BISHAN|5 ROOM|<60|500m-1km|7-12,928888.0
BISHAN|5 ROOM|<60|<500m|1-6,905000.0
BISHAN|5 ROOM|<60|<500m|13+,992000.0
BISHAN|5 ROOM|<60|<500m|7-12,950000.0
BISHAN|EXECUTIVE|60-79|500m-1km|1-6,1200000.0
BISHAN|EXECUTIVE|60-79|500m-1km|13+,1580000.0
BISHAN|EXECUTIVE|60-79|500m-1km|7-12,1320000.0
BISHAN|EXECUTIVE|60-79|<500m|1-6,1200000.0
BISHAN|EXECUTIVE|60-79|<500m|13+,1550000.0
BISHAN|EXECUTIVE|60-79|<500m|7-12,1398888.0
BISHAN|EXECUTIVE|60-79|>1km|1-6,1264000.0
BISHAN|EXECUTIVE|60-79|>1km|13+,1350000.0
BISHAN|EXECUTIVE|60-79|>1km|7-12,1320000.0
BISHAN|EXECUTIVE|<60|500m-1km|1-6,1160000.0
BISHAN|EXECUTIVE|<60|500m-1km|7-12,1295000.0
BISHAN|EXECUTIVE|<60|<500m|1-6,1259000.0
BISHAN|EXECUTIVE|<60|<500m|13+,1410000.0
BISHAN|EXECUTIVE|<60|<500m|7-12,1420000.0
BUKIT BATOK|2 ROOM|80+|500m-1km|1-6,355000.0
BUKIT BATOK|2 ROOM|80+|500m-1km|13+,390000.0
BUKIT BATOK|2 ROOM|80+|500m-1km|7-12,379000.0
BUKIT BATOK|2 ROOM|80+|>1km|1-6,365000.0
BUKIT BATOK|2 ROOM|80+|>1km|13+,398000.0
BUKIT BATOK|2 ROOM|80+|>1km|7-12,384000.0
BUKIT BATOK|3 ROOM|60-79|500m-1km|1-6,383000.0
BUKIT BATOK|3 ROOM|60-79|500m-1km|7-12,401500.0
BUKIT BATOK|3 ROOM|60-79|<500m|1-6,400000.0
BUKIT BATOK|3 ROOM|60-79|<500m|7-12,415000.0
BUKIT BATOK|3 ROOM|60-79|>1km|7-12,410000.0
BUKIT BATOK|3 ROOM|80+|500m-1km|1-6,485000.0
BUKIT BATOK|3 ROOM|80+|500m-1km|13+,540000.0
BUKIT BATOK|3 ROOM|80+|500m-1km|7-12,525000.0
BUKIT BATOK|3 ROOM|80+|<500m|1-6,532500.0
BUKIT BATOK|3 ROOM|80+|<500m|13+,605000.0
BUKIT BATOK|3 ROOM|80+|>1km|1-6,488888.0
BUKIT BATOK|3 ROOM|80+|>1km|13+,535000.0
BUKIT BATOK|3 ROOM|80+|>1km|7-12,520444.0
BUKIT BATOK|3 ROOM|<60|500m-1km|1-6,400000.0
BUKIT BATOK|3 ROOM|<60|500m-1km|7-12,410000.0
BUKIT BATOK|3 ROOM|<60|<500m|1-6,406888.0
BUKIT BATOK|3 ROOM|<60|<500m|13+,444944.0
BUKIT BATOK|3 ROOM|<60|<500m|7-12,420000.0
BUKIT BATOK|3 ROOM|<60|>1km|1-6,400000.0
BUKIT BATOK|3 ROOM|<60|>1km|7-12,393000.0
BUKIT BATOK|4 ROOM|60-79|500m-1km|1-6,509500.0
BUKIT BATOK|4 ROOM|60-79|500m-1km|13+,588888.0
BUKIT BATOK|4 ROOM|60-79|500m-1km|7-12,532500.0
BUKIT BATOK|4 ROOM|60-79|<500m|1-6,535000.0
BUKIT BATOK|4 ROOM|60-79|<500m|13+,599844.0
BUKIT BATOK|4 ROOM|60-79|<500m|7-12,563000.0
BUKIT BATOK|4 ROOM|60-79|>1km|1-6,550000.0
BUKIT BATOK|4 ROOM|60-79|>1km|13+,630000.0
BUKIT BATOK|4 ROOM|60-79|>1km|7-12,610000.0
BUKIT BATOK|4 ROOM|80+|500m-1km|1-6,621944.0
BUKIT BATOK|4 ROOM|80+|500m-1km|13+,769000.0
BUKIT BATOK|4 ROOM|80+|500m-1km|7-12,680000.0
BUKIT BATOK|4 ROOM|80+|>1km|1-6,638000.0
BUKIT BATOK|4 ROOM|80+|>1km|13+,695000.0
BUKIT BATOK|4 ROOM|80+|>1km|7-12,675000.0
BUKIT BATOK|4 ROOM|<60|500m-1km|1-6,498000.0
BUKIT BATOK|4 ROOM|<60|500m-1km|13+,565000.0
BUKIT BATOK|4 ROOM|<60|500m-1km|7-12,505000.0
BUKIT BATOK|4 ROOM|<60|<500m|1-6,515000.0
BUKIT BATOK|4 ROOM|<60|<500m|7-12,570000.0
BUKIT BATOK|4 ROOM|<60|>1km|1-6,469000.0
BUKIT BATOK|4 ROOM|<60|>1km|7-12,515000.0
BUKIT BATOK|5 ROOM|60-79|500m-1km|1-6,626000.0
BUKIT BATOK|5 ROOM|60-79|500m-1km|13+,731500.0
BUKIT BATOK|5 ROOM|60-79|500m-1km|7-12,728000.0
BUKIT BATOK|5 ROOM|60-79|<500m|1-6,772500.0
BUKIT BATOK|5 ROOM|60-79|<500m|13+,749000.0
BUKIT BATOK|5 ROOM|60-79|<500m|7-12,721000.0
BUKIT BATOK|5 ROOM|60-79|>1km|1-6,715000.0
BUKIT BATOK|5 ROOM|60-79|>1km|13+,755888.0
BUKIT BATOK|5 ROOM|60-79|>1km|7-12,750000.0
BUKIT BATOK|5 ROOM|80+|500m-1km|1-6,782500.0
BUKIT BATOK|5 ROOM|80+|500m-1km|13+,940000.0
BUKIT BATOK|5 ROOM|80+|500m-1km|7-12,862500.0
BUKIT BATOK|5 ROOM|80+|>1km|1-6,770000.0
BUKIT BATOK|5 ROOM|80+|>1km|13+,840000.0
BUKIT BATOK|5 ROOM|80+|>1km|7-12,819000.0
BUKIT BATOK|5 ROOM|<60|500m-1km|1-6,616500.0
BUKIT BATOK|5 ROOM|<60|500m-1km|13+,789444.0
BUKIT BATOK|5 ROOM|<60|500m-1km|7-12,625000.0
BUKIT BATOK|5 ROOM|<60|<500m|1-6,691500.0
BUKIT BATOK|5 ROOM|<60|<500m|13+,780000.0
BUKIT BATOK|5 ROOM|<60|<500m|7-12,748500.0
BUKIT BATOK|EXECUTIVE|60-79|500m-1km|1-6,805000.0
BUKIT BATOK|EXECUTIVE|60-79|500m-1km|13+,958000.0
BUKIT BATOK|EXECUTIVE|60-79|500m-1km|7-12,918444.0
BUKIT BATOK|EXECUTIVE|60-79|<500m|1-6,962000.0
BUKIT BATOK|EXECUTIVE|60-79|<500m|7-12,970000.0
BUKIT BATOK|EXECUTIVE|60-79|>1km|1-6,865000.0
BUKIT BATOK|EXECUTIVE|60-79|>1km|13+,1002500.0
BUKIT BATOK|EXECUTIVE|60-79|>1km|7-12,883000.0
BUKIT BATOK|EXECUTIVE|<60|500m-1km|1-6,816500.0
BUKIT BATOK|EXECUTIVE|<60|500m-1km|13+,998000.0
BUKIT BATOK|EXECUTIVE|<60|500m-1km|7-12,877500.0
BUKIT BATOK|EXECUTIVE|<60|<500m|1-6,815000.0
BUKIT BATOK|EXECUTIVE|<60|<500m|13+,945000.0
BUKIT BATOK|EXECUTIVE|<60|<500m|7-12,890000.0
BUKIT MERAH|2 ROOM|80+|500m-1km|1-6,501500.0
BUKIT MERAH|2 ROOM|80+|500m-1km|7-12,520000.0
BUKIT MERAH|2 ROOM|<60|500m-1km|1-6,255000.0
BUKIT MERAH|2 ROOM|<60|500m-1km|13+,271500.0
BUKIT MERAH|2 ROOM|<60|500m-1km|7-12,295000.0
BUKIT MERAH|2 ROOM|<60|<500m|1-6,282000.0
BUKIT MERAH|2 ROOM|<60|<500m|13+,315000.0
BUKIT MERAH|2 ROOM|<60|<500m|7-12,292500.0
BUKIT MERAH|3 ROOM|60-79|<500m|1-6,718000.0
BUKIT MERAH|3 ROOM|60-79|<500m|13+,735000.0
BUKIT MERAH|3 ROOM|80+|500m-1km|1-6,719000.0
BUKIT MERAH|3 ROOM|80+|500m-1km|13+,753444.0
BUKIT MERAH|3 ROOM|80+|500m-1km|7-12,727500.0
BUKIT MERAH|3 ROOM|80+|<500m|1-6,738000.0
BUKIT MERAH|3 ROOM|80+|<500m|13+,836500.0
BUKIT MERAH|3 ROOM|80+|<500m|7-12,780000.0
BUKIT MERAH|3 ROOM|80+|>1km|1-6,590000.0
BUKIT MERAH|3 ROOM|80+|>1km|13+,714444.0
BUKIT MERAH|3 ROOM|80+|>1km|7-12,683500.0
BUKIT MERAH|3 ROOM|<60|500m-1km|1-6,400000.0
BUKIT MERAH|3 ROOM|<60|500m-1km|13+,469000.0
BUKIT MERAH|3 ROOM|<60|500m-1km|7-12,380000.0
BUKIT MERAH|3 ROOM|<60|<500m|1-6,439000.0
BUKIT MERAH|3 ROOM|<60|<500m|13+,433800.0
BUKIT MERAH|3 ROOM|<60|<500m|7-12,434000.0
BUKIT MERAH|3 ROOM|<60|>1km|1-6,370000.0
BUKIT MERAH|3 ROOM|<60|>1km|13+,405000.0
BUKIT MERAH|3 ROOM|<60|>1km|7-12,375000.0
BUKIT MERAH|4 ROOM|60-79|500m-1km|1-6,781000.0
BUKIT MERAH|4 ROOM|60-79|500m-1km|13+,843444.0
BUKIT MERAH|4 ROOM|60-79|500m-1km|7-12,866000.0
BUKIT MERAH|4 ROOM|60-79|<500m|1-6,885000.0
BUKIT MERAH|4 ROOM|60-79|<500m|13+,1030000.0
BUKIT MERAH|4 ROOM|60-79|<500m|7-12,977500.0
BUKIT MERAH|4 ROOM|60-79|>1km|1-6,738000.0
BUKIT MERAH|4 ROOM|60-79|>1km|13+,779000.0
BUKIT MERAH|4 ROOM|60-79|>1km|7-12,770000.0
BUKIT MERAH|4 ROOM|80+|500m-1km|1-6,915000.0
BUKIT MERAH|4 ROOM|80+|500m-1km|13+,988000.0
BUKIT MERAH|4 ROOM|80+|500m-1km|7-12,945888.0
BUKIT MERAH|4 ROOM|80+|<500m|1-6,934444.0
BUKIT MERAH|4 ROOM|80+|<500m|13+,1100000.0
BUKIT MERAH|4 ROOM|80+|<500m|7-12,1000000.0
BUKIT MERAH|4 ROOM|80+|>1km|1-6,788000.0
BUKIT MERAH|4 ROOM|80+|>1km|13+,862500.0
BUKIT MERAH|4 ROOM|80+|>1km|7-12,840000.0
BUKIT MERAH|4 ROOM|<60|500m-1km|1-6,600008.0
BUKIT MERAH|4 ROOM|<60|500m-1km|13+,653000.0
BUKIT MERAH|4 ROOM|<60|500m-1km|7-12,680000.0
BUKIT MERAH|4 ROOM|<60|<500m|1-6,595000.0
BUKIT MERAH|4 ROOM|<60|<500m|13+,606000.0
BUKIT MERAH|4 ROOM|<60|<500m|7-12,610000.0
BUKIT MERAH|4 ROOM|<60|>1km|7-12,517000.0
BUKIT MERAH|5 ROOM|60-79|500m-1km|1-6,880000.0
BUKIT MERAH|5 ROOM|60-79|500m-1km|13+,1010000.0
BUKIT MERAH|5 ROOM|60-79|500m-1km|7-12,968444.0
BUKIT MERAH|5 ROOM|60-79|<500m|1-6,1107500.0
BUKIT MERAH|5 ROOM|60-79|<500m|13+,1205000.0
BUKIT MERAH|5 ROOM|60-79|<500m|7-12,1182500.0
BUKIT MERAH|5 ROOM|60-79|>1km|1-6,780000.0
BUKIT MERAH|5 ROOM|60-79|>1km|13+,895000.0
BUKIT MERAH|5 ROOM|60-79|>1km|7-12,900000.0
BUKIT MERAH|5 ROOM|80+|500m-1km|13+,1465888.0
BUKIT MERAH|5 ROOM|80+|500m-1km|7-12,1419000.0
BUKIT MERAH|5 ROOM|80+|<500m|1-6,1210000.0
BUKIT MERAH|5 ROOM|80+|<500m|13+,1408888.0
BUKIT MERAH|5 ROOM|80+|<500m|7-12,1480888.0
BUKIT MERAH|5 ROOM|<60|500m-1km|1-6,770000.0
BUKIT MERAH|5 ROOM|<60|500m-1km|13+,828000.0
BUKIT MERAH|5 ROOM|<60|500m-1km|7-12,828000.0
BUKIT MERAH|5 ROOM|<60|<500m|1-6,906500.0
BUKIT MERAH|5 ROOM|<60|<500m|13+,908888.0
BUKIT MERAH|5 ROOM|<60|<500m|7-12,989000.0
BUKIT MERAH|5 ROOM|<60|>1km|1-6,750000.0
BUKIT MERAH|5 ROOM|<60|>1km|13+,750000.0
BUKIT MERAH|5 ROOM|<60|>1km|7-12,760000.0
BUKIT PANJANG|2 ROOM|80+|500m-1km|1-6,338000.0
BUKIT PANJANG|2 ROOM|80+|500m-1km|13+,411250.0
BUKIT PANJANG|2 ROOM|80+|500m-1km|7-12,366500.0
BUKIT PANJANG|2 ROOM|80+|<500m|1-6,380000.0
BUKIT PANJANG|2 ROOM|80+|<500m|7-12,410000.0
BUKIT PANJANG|2 ROOM|80+|>1km|1-6,340000.0
BUKIT PANJANG|2 ROOM|80+|>1km|7-12,341944.0
BUKIT PANJANG|3 ROOM|60-79|500m-1km|1-6,414000.0
BUKIT PANJANG|3 ROOM|60-79|500m-1km|7-12,442500.0
BUKIT PANJANG|3 ROOM|60-79|>1km|1-6,425000.0
BUKIT PANJANG|3 ROOM|60-79|>1km|7-12,449000.0
BUKIT PANJANG|3 ROOM|80+|500m-1km|1-6,490000.0
BUKIT PANJANG|3 ROOM|80+|500m-1km|13+,545000.0
BUKIT PANJANG|3 ROOM|80+|500m-1km|7-12,512500.0
BUKIT PANJANG|3 ROOM|80+|<500m|13+,543800.0
BUKIT PANJANG|3 ROOM|80+|<500m|7-12,500000.0
BUKIT PANJANG|3 ROOM|80+|>1km|1-6,460000.0
BUKIT PANJANG|3 ROOM|80+|>1km|13+,510000.0
BUKIT PANJANG|3 ROOM|80+|>1km|7-12,494944.0
BUKIT PANJANG|3 ROOM|<60|500m-1km|1-6,410000.0
BUKIT PANJANG|4 ROOM|60-79|500m-1km|1-6,534000.0
BUKIT PANJANG|4 ROOM|60-79|500m-1km|13+,598000.0
BUKIT PANJANG|4 ROOM|60-79|500m-1km|7-12,552500.0
BUKIT PANJANG|4 ROOM|60-79|<500m|1-6,615000.0
BUKIT PANJANG|4 ROOM|60-79|<500m|13+,760000.0
BUKIT PANJANG|4 ROOM|60-79|<500m|7-12,631000.0
BUKIT PANJANG|4 ROOM|60-79|>1km|1-6,510000.0
BUKIT PANJANG|4 ROOM|60-79|>1km|13+,562888.0
BUKIT PANJANG|4 ROOM|60-79|>1km|7-12,523000.0
BUKIT PANJANG|4 ROOM|80+|500m-1km|1-6,600000.0
BUKIT PANJANG|4 ROOM|80+|500m-1km|13+,667444.0
BUKIT PANJANG|4 ROOM|80+|500m-1km|7-12,636888.0
BUKIT PANJANG|4 ROOM|80+|<500m|1-6,615000.0
BUKIT PANJANG|4 ROOM|80+|<500m|13+,685000.0
BUKIT PANJANG|4 ROOM|80+|<500m|7-12,647500.0
BUKIT PANJANG|4 ROOM|80+|>1km|1-6,590000.0
BUKIT PANJANG|4 ROOM|80+|>1km|13+,625000.0
BUKIT PANJANG|4 ROOM|80+|>1km|7-12,613500.0
BUKIT PANJANG|4 ROOM|<60|500m-1km|7-12,538000.0
BUKIT PANJANG|4 ROOM|<60|>1km|1-6,455000.0
BUKIT PANJANG|4 ROOM|<60|>1km|7-12,498444.0
BUKIT PANJANG|5 ROOM|60-79|500m-1km|1-6,620000.0
BUKIT PANJANG|5 ROOM|60-79|500m-1km|13+,716500.0
BUKIT PANJANG|5 ROOM|60-79|500m-1km|7-12,689000.0
BUKIT PANJANG|5 ROOM|60-79|<500m|1-6,637944.0
BUKIT PANJANG|5 ROOM|60-79|<500m|13+,916944.0
BUKIT PANJANG|5 ROOM|60-79|<500m|7-12,750000.0
BUKIT PANJANG|5 ROOM|60-79|>1km|1-6,600000.0
BUKIT PANJANG|5 ROOM|60-79|>1km|13+,662500.0
BUKIT PANJANG|5 ROOM|60-79|>1km|7-12,642500.0
BUKIT PANJANG|5 ROOM|80+|500m-1km|1-6,665000.0
BUKIT PANJANG|5 ROOM|80+|500m-1km|13+,804444.0
BUKIT PANJANG|5 ROOM|80+|500m-1km|7-12,753888.0
BUKIT PANJANG|5 ROOM|80+|>1km|1-6,695888.0
BUKIT PANJANG|5 ROOM|80+|>1km|13+,757500.0
BUKIT PANJANG|5 ROOM|80+|>1km|7-12,740000.0
BUKIT PANJANG|EXECUTIVE|60-79|500m-1km|1-6,842500.0
BUKIT PANJANG|EXECUTIVE|60-79|500m-1km|13+,929000.0
BUKIT PANJANG|EXECUTIVE|60-79|500m-1km|7-12,876500.0
BUKIT PANJANG|EXECUTIVE|60-79|<500m|1-6,940000.0
BUKIT PANJANG|EXECUTIVE|60-79|<500m|13+,1000000.0
BUKIT PANJANG|EXECUTIVE|60-79|<500m|7-12,927500.0
BUKIT PANJANG|EXECUTIVE|60-79|>1km|1-6,705888.0
BUKIT PANJANG|EXECUTIVE|60-79|>1km|13+,755000.0
BUKIT PANJANG|EXECUTIVE|60-79|>1km|7-12,725000.0
BUKIT TIMAH|3 ROOM|<60|<500m|1-6,460000.0
BUKIT TIMAH|3 ROOM|<60|<500m|13+,455000.0
BUKIT TIMAH|3 ROOM|<60|<500m|7-12,500000.0
BUKIT TIMAH|4 ROOM|60-79|<500m|1-6,930000.0
BUKIT TIMAH|4 ROOM|60-79|<500m|13+,974000.0
BUKIT TIMAH|4 ROOM|60-79|<500m|7-12,944000.0
BUKIT TIMAH|4 ROOM|<60|<500m|7-12,680000.0
BUKIT TIMAH|5 ROOM|60-79|<500m|1-6,1050000.0
BUKIT TIMAH|5 ROOM|60-79|<500m|7-12,1211444.0
BUKIT TIMAH|5 ROOM|<60|<500m|1-6,925000.0
BUKIT TIMAH|5 ROOM|<60|<500m|13+,1020000.0
BUKIT TIMAH|5 ROOM|<60|<500m|7-12,990000.0
BUKIT TIMAH|EXECUTIVE|60-79|<500m|1-6,1340000.0
BUKIT TIMAH|EXECUTIVE|60-79|<500m|7-12,1420000.0
CENTRAL AREA|2 ROOM|<60|500m-1km|7-12,340000.0
CENTRAL AREA|2 ROOM|<60|<500m|1-6,298000.0
CENTRAL AREA|2 ROOM|<60|<500m|7-12,375000.0
CENTRAL AREA|3 ROOM|<60|500m-1km|7-12,450000.0
CENTRAL AREA|3 ROOM|<60|<500m|1-6,546000.0
CENTRAL AREA|3 ROOM|<60|<500m|13+,571500.0
CENTRAL AREA|3 ROOM|<60|<500m|7-12,543000.0
CENTRAL AREA|4 ROOM|60-79|<500m|1-6,681500.0
CENTRAL AREA|4 ROOM|60-79|<500m|7-12,705000.0
CENTRAL AREA|4 ROOM|80+|<500m|1-6,1200000.0
CENTRAL AREA|4 ROOM|80+|<500m|13+,1430000.0
CENTRAL AREA|4 ROOM|80+|<500m|7-12,1178000.0
CENTRAL AREA|4 ROOM|<60|<500m|1-6,770000.0
CENTRAL AREA|4 ROOM|<60|<500m|13+,802000.0
CENTRAL AREA|4 ROOM|<60|<500m|7-12,780000.0
CENTRAL AREA|5 ROOM|60-79|<500m|1-6,815000.0
CENTRAL AREA|5 ROOM|60-79|<500m|13+,783500.0
CENTRAL AREA|5 ROOM|60-79|<500m|7-12,787500.0
CENTRAL AREA|5 ROOM|80+|<500m|1-6,1350000.0
CENTRAL AREA|5 ROOM|80+|<500m|13+,1530000.0
CENTRAL AREA|5 ROOM|80+|<500m|7-12,1497500.0
CENTRAL AREA|5 ROOM|<60|<500m|13+,1124000.0
CHOA CHU KANG|2 ROOM|80+|500m-1km|1-6,330000.0
CHOA CHU KANG|2 ROOM|80+|500m-1km|13+,356444.0
CHOA CHU KANG|2 ROOM|80+|500m-1km|7-12,340000.0
CHOA CHU KANG|2 ROOM|80+|<500m|13+,425000.0
CHOA CHU KANG|2 ROOM|80+|<500m|7-12,430000.0
CHOA CHU KANG|2 ROOM|80+|>1km|1-6,358000.0
CHOA CHU KANG|3 ROOM|60-79|500m-1km|1-6,410000.0
CHOA CHU KANG|3 ROOM|60-79|500m-1km|7-12,425500.0
CHOA CHU KANG|3 ROOM|80+|500m-1km|1-6,462500.0
CHOA CHU KANG|3 ROOM|80+|500m-1km|13+,483500.0
CHOA CHU KANG|3 ROOM|80+|500m-1km|7-12,490000.0
CHOA CHU KANG|3 ROOM|80+|<500m|1-6,457500.0
CHOA CHU KANG|3 ROOM|80+|<500m|13+,522000.0
CHOA CHU KANG|3 ROOM|80+|<500m|7-12,540000.0
CHOA CHU KANG|3 ROOM|80+|>1km|1-6,485000.0
CHOA CHU KANG|3 ROOM|80+|>1km|13+,487500.0
CHOA CHU KANG|3 ROOM|80+|>1km|7-12,505000.0
CHOA CHU KANG|3 ROOM|<60|500m-1km|1-6,406500.0
CHOA CHU KANG|3 ROOM|<60|500m-1km|7-12,393000.0
CHOA CHU KANG|3 ROOM|<60|<500m|1-6,347500.0
CHOA CHU KANG|3 ROOM|<60|<500m|7-12,360000.0
CHOA CHU KANG|4 ROOM|60-79|500m-1km|1-6,530000.0
CHOA CHU KANG|4 ROOM|60-79|500m-1km|13+,538800.0
CHOA CHU KANG|4 ROOM|60-79|500m-1km|7-12,543000.0
CHOA CHU KANG|4 ROOM|60-79|<500m|1-6,545000.0
CHOA CHU KANG|4 ROOM|60-79|<500m|13+,580000.0
CHOA CHU KANG|4 ROOM|60-79|<500m|7-12,570000.0
CHOA CHU KANG|4 ROOM|60-79|>1km|1-6,505000.0
CHOA CHU KANG|4 ROOM|60-79|>1km|13+,553500.0
CHOA CHU KANG|4 ROOM|60-79|>1km|7-12,525000.0
CHOA CHU KANG|4 ROOM|80+|500m-1km|1-6,585000.0
CHOA CHU KANG|4 ROOM|80+|500m-1km|13+,655250.0
CHOA CHU KANG|4 ROOM|80+|500m-1km|7-12,635000.0
CHOA CHU KANG|4 ROOM|80+|<500m|1-6,611500.0
CHOA CHU KANG|4 ROOM|80+|<500m|13+,645000.0
CHOA CHU KANG|4 ROOM|80+|<500m|7-12,618000.0
CHOA CHU KANG|4 ROOM|80+|>1km|1-6,570000.0
CHOA CHU KANG|4 ROOM|80+|>1km|13+,610888.0
CHOA CHU KANG|4 ROOM|80+|>1km|7-12,600000.0
CHOA CHU KANG|4 ROOM|<60|500m-1km|1-6,447500.0
CHOA CHU KANG|4 ROOM|<60|500m-1km|7-12,450000.0
CHOA CHU KANG|4 ROOM|<60|<500m|7-12,455000.0
CHOA CHU KANG|5 ROOM|60-79|500m-1km|1-6,611000.0
CHOA CHU KANG|5 ROOM|60-79|500m-1km|13+,600000.0
CHOA CHU KANG|5 ROOM|60-79|500m-1km|7-12,650000.0
CHOA CHU KANG|5 ROOM|60-79|<500m|1-6,668000.0
CHOA CHU KANG|5 ROOM|60-79|<500m|13+,710000.0
CHOA CHU KANG|5 ROOM|60-79|<500m|7-12,699444.0
CHOA CHU KANG|5 ROOM|60-79|>1km|1-6,584000.0
CHOA CHU KANG|5 ROOM|60-79|>1km|13+,688888.0
CHOA CHU KANG|5 ROOM|60-79|>1km|7-12,640500.0
CHOA CHU KANG|5 ROOM|80+|500m-1km|1-6,657500.0
CHOA CHU KANG|5 ROOM|80+|500m-1km|13+,755000.0
CHOA CHU KANG|5 ROOM|80+|500m-1km|7-12,751944.0
CHOA CHU KANG|5 ROOM|80+|>1km|1-6,675000.0
CHOA CHU KANG|5 ROOM|80+|>1km|13+,735000.0
CHOA CHU KANG|5 ROOM|80+|>1km|7-12,710000.0
CHOA CHU KANG|5 ROOM|<60|500m-1km|13+,659000.0
CHOA CHU KANG|5 ROOM|<60|500m-1km|7-12,590000.0
CHOA CHU KANG|5 ROOM|<60|<500m|13+,561000.0
CHOA CHU KANG|5 ROOM|<60|<500m|7-12,540000.0
CHOA CHU KANG|EXECUTIVE|60-79|500m-1km|1-6,820000.0
CHOA CHU KANG|EXECUTIVE|60-79|500m-1km|13+,788000.0
CHOA CHU KANG|EXECUTIVE|60-79|500m-1km|7-12,842500.0
CHOA CHU KANG|EXECUTIVE|60-79|<500m|1-6,830000.0
CHOA CHU KANG|EXECUTIVE|60-79|<500m|13+,865000.0
CHOA CHU KANG|EXECUTIVE|60-79|<500m|7-12,868000.0
CHOA CHU KANG|EXECUTIVE|60-79|>1km|1-6,710000.0
CHOA CHU KANG|EXECUTIVE|60-79|>1km|13+,762156.55
CHOA CHU KANG|EXECUTIVE|60-79|>1km|7-12,720000.0
CLEMENTI|2 ROOM|80+|500m-1km|1-6,441500.0
CLEMENTI|2 ROOM|80+|500m-1km|13+,415000.0
CLEMENTI|2 ROOM|<60|500m-1km|1-6,307500.0
CLEMENTI|3 ROOM|60-79|500m-1km|1-6,520000.0
CLEMENTI|3 ROOM|80+|500m-1km|1-6,650000.0
CLEMENTI|3 ROOM|80+|500m-1km|13+,710000.0
CLEMENTI|3 ROOM|80+|<500m|13+,736444.0
CLEMENTI|3 ROOM|80+|<500m|7-12,695888.0
CLEMENTI|3 ROOM|<60|500m-1km|1-6,415000.0
CLEMENTI|3 ROOM|<60|500m-1km|13+,401500.0
CLEMENTI|3 ROOM|<60|500m-1km|7-12,395000.0
CLEMENTI|3 ROOM|<60|<500m|1-6,450000.0
CLEMENTI|3 ROOM|<60|<500m|13+,480000.0
CLEMENTI|3 ROOM|<60|<500m|7-12,450000.0
CLEMENTI|3 ROOM|<60|>1km|1-6,389000.0
CLEMENTI|3 ROOM|<60|>1km|13+,395000.0
CLEMENTI|3 ROOM|<60|>1km|7-12,408000.0
CLEMENTI|4 ROOM|60-79|<500m|1-6,781000.0
CLEMENTI|4 ROOM|60-79|<500m|13+,885444.0
CLEMENTI|4 ROOM|60-79|<500m|7-12,890000.0
CLEMENTI|4 ROOM|80+|500m-1km|1-6,840000.0
CLEMENTI|4 ROOM|80+|500m-1km|13+,976944.0
CLEMENTI|4 ROOM|80+|500m-1km|7-12,927500.0
CLEMENTI|4 ROOM|80+|<500m|1-6,905000.0
CLEMENTI|4 ROOM|80+|<500m|13+,1140000.0
CLEMENTI|4 ROOM|80+|<500m|7-12,1130000.0
CLEMENTI|4 ROOM|<60|500m-1km|1-6,540000.0
CLEMENTI|4 ROOM|<60|500m-1km|13+,628000.0
CLEMENTI|4 ROOM|<60|500m-1km|7-12,560500.0
CLEMENTI|4 ROOM|<60|<500m|1-6,630000.0
CLEMENTI|4 ROOM|<60|<500m|13+,668000.0
CLEMENTI|4 ROOM|<60|<500m|7-12,625000.0
CLEMENTI|4 ROOM|<60|>1km|1-6,534000.0
CLEMENTI|4 ROOM|<60|>1km|13+,740000.0
CLEMENTI|4 ROOM|<60|>1km|7-12,532000.0
CLEMENTI|5 ROOM|60-79|500m-1km|1-6,828000.0
CLEMENTI|5 ROOM|60-79|500m-1km|7-12,950000.0
CLEMENTI|5 ROOM|60-79|<500m|13+,980000.0
CLEMENTI|5 ROOM|80+|500m-1km|1-6,1000000.0
CLEMENTI|5 ROOM|80+|500m-1km|13+,1198000.0
CLEMENTI|5 ROOM|80+|500m-1km|7-12,1200000.0
CLEMENTI|5 ROOM|80+|<500m|1-6,1125000.0
CLEMENTI|5 ROOM|80+|<500m|13+,1470000.0
CLEMENTI|5 ROOM|80+|<500m|7-12,1387500.0
CLEMENTI|5 ROOM|<60|500m-1km|1-6,775500.0
CLEMENTI|5 ROOM|<60|500m-1km|13+,859000.0
CLEMENTI|5 ROOM|<60|500m-1km|7-12,790044.0
CLEMENTI|5 ROOM|<60|<500m|1-6,710000.0
CLEMENTI|5 ROOM|<60|<500m|13+,808000.0
CLEMENTI|5 ROOM|<60|<500m|7-12,790000.0
CLEMENTI|5 ROOM|<60|>1km|1-6,795000.0
CLEMENTI|5 ROOM|<60|>1km|13+,764444.0
CLEMENTI|5 ROOM|<60|>1km|7-12,795500.0
CLEMENTI|EXECUTIVE|<60|>1km|1-6,1060000.0
CLEMENTI|EXECUTIVE|<60|>1km|7-12,1135000.0
GEYLANG|2 ROOM|<60|500m-1km|1-6,329000.0
GEYLANG|2 ROOM|<60|500m-1km|7-12,320000.0
GEYLANG|2 ROOM|<60|<500m|1-6,289000.0
GEYLANG|2 ROOM|<60|<500m|7-12,285144.0
GEYLANG|3 ROOM|60-79|<500m|1-6,486500.0
GEYLANG|3 ROOM|60-79|<500m|13+,675000.0
GEYLANG|3 ROOM|60-79|<500m|7-12,685000.0
GEYLANG|3 ROOM|80+|<500m|1-6,705944.0
GEYLANG|3 ROOM|80+|<500m|13+,760000.0
GEYLANG|3 ROOM|80+|<500m|7-12,720000.0
GEYLANG|3 ROOM|<60|500m-1km|1-6,390000.0
GEYLANG|3 ROOM|<60|500m-1km|13+,418500.0
GEYLANG|3 ROOM|<60|500m-1km|7-12,400000.0
GEYLANG|3 ROOM|<60|<500m|1-6,334000.0
GEYLANG|3 ROOM|<60|<500m|13+,403888.0
GEYLANG|3 ROOM|<60|<500m|7-12,350000.0
GEYLANG|4 ROOM|60-79|500m-1km|1-6,655000.0
GEYLANG|4 ROOM|60-79|500m-1km|7-12,666000.0
GEYLANG|4 ROOM|60-79|<500m|1-6,842500.0
GEYLANG|4 ROOM|60-79|<500m|13+,950000.0
GEYLANG|4 ROOM|60-79|<500m|7-12,930000.0
GEYLANG|4 ROOM|80+|500m-1km|1-6,847944.0
GEYLANG|4 ROOM|80+|500m-1km|13+,980000.0
GEYLANG|4 ROOM|80+|500m-1km|7-12,956500.0
GEYLANG|4 ROOM|80+|<500m|1-6,925000.0
GEYLANG|4 ROOM|80+|<500m|13+,1018000.0
GEYLANG|4 ROOM|80+|<500m|7-12,998500.0
GEYLANG|4 ROOM|<60|500m-1km|1-6,522500.0
GEYLANG|4 ROOM|<60|500m-1km|13+,647500.0
GEYLANG|4 ROOM|<60|500m-1km|7-12,580000.0
GEYLANG|4 ROOM|<60|<500m|1-6,575000.0
GEYLANG|4 ROOM|<60|<500m|13+,635000.0
GEYLANG|4 ROOM|<60|<500m|7-12,632944.0
GEYLANG|5 ROOM|60-79|500m-1km|1-6,788000.0
GEYLANG|5 ROOM|60-79|500m-1km|13+,1017000.0
GEYLANG|5 ROOM|60-79|500m-1km|7-12,762944.0
GEYLANG|5 ROOM|60-79|<500m|1-6,932500.0
GEYLANG|5 ROOM|60-79|<500m|13+,1310000.0
GEYLANG|5 ROOM|60-79|<500m|7-12,1220000.0
GEYLANG|5 ROOM|<60|500m-1km|1-6,753000.0
GEYLANG|5 ROOM|<60|500m-1km|13+,923444.0
GEYLANG|5 ROOM|<60|500m-1km|7-12,918000.0
GEYLANG|5 ROOM|<60|<500m|1-6,915000.0
GEYLANG|5 ROOM|<60|<500m|13+,820000.0
GEYLANG|5 ROOM|<60|<500m|7-12,817500.0
GEYLANG|EXECUTIVE|60-79|<500m|1-6,1049444.0
GEYLANG|EXECUTIVE|<60|500m-1km|1-6,896500.0
GEYLANG|EXECUTIVE|<60|500m-1km|7-12,1098000.0
GEYLANG|EXECUTIVE|<60|<500m|1-6,1010000.0
GEYLANG|EXECUTIVE|<60|<500m|13+,1099000.0
GEYLANG|EXECUTIVE|<60|<500m|7-12,1090000.0
HOUGANG|2 ROOM|80+|>1km|1-6,375000.0
HOUGANG|2 ROOM|80+|>1km|13+,402000.0
HOUGANG|2 ROOM|80+|>1km|7-12,385694.0
HOUGANG|3 ROOM|60-79|500m-1km|1-6,438000.0
HOUGANG|3 ROOM|60-79|500m-1km|7-12,465400.0
HOUGANG|3 ROOM|60-79|<500m|1-6,465444.0
HOUGANG|3 ROOM|60-79|<500m|7-12,502000.0
HOUGANG|3 ROOM|60-79|>1km|1-6,436500.0
HOUGANG|3 ROOM|60-79|>1km|7-12,455000.0
HOUGANG|3 ROOM|80+|500m-1km|1-6,555000.0
HOUGANG|3 ROOM|80+|500m-1km|13+,623000.0
HOUGANG|3 ROOM|80+|500m-1km|7-12,606500.0
HOUGANG|3 ROOM|80+|<500m|1-6,603000.0
HOUGANG|3 ROOM|80+|<500m|7-12,640000.0
HOUGANG|3 ROOM|80+|>1km|1-6,515000.0
HOUGANG|3 ROOM|80+|>1km|13+,550000.0
HOUGANG|3 ROOM|80+|>1km|7-12,539000.0
HOUGANG|3 ROOM|<60|500m-1km|1-6,425000.0
HOUGANG|3 ROOM|<60|500m-1km|13+,425000.0
HOUGANG|3 ROOM|<60|500m-1km|7-12,445000.0
HOUGANG|3 ROOM|<60|<500m|1-6,450000.0
HOUGANG|3 ROOM|<60|<500m|7-12,452000.0
HOUGANG|3 ROOM|<60|>1km|1-6,423444.0
HOUGANG|3 ROOM|<60|>1km|7-12,445000.0
HOUGANG|4 ROOM|60-79|500m-1km|1-6,595000.0
HOUGANG|4 ROOM|60-79|500m-1km|13+,640000.0
HOUGANG|4 ROOM|60-79|500m-1km|7-12,640000.0
HOUGANG|4 ROOM|60-79|<500m|1-6,630000.0
HOUGANG|4 ROOM|60-79|<500m|13+,607500.0
HOUGANG|4 ROOM|60-79|<500m|7-12,651500.0
HOUGANG|4 ROOM|60-79|>1km|1-6,570000.0
HOUGANG|4 ROOM|60-79|>1km|13+,606000.0
HOUGANG|4 ROOM|60-79|>1km|7-12,610000.0
HOUGANG|4 ROOM|80+|500m-1km|1-6,733444.0
HOUGANG|4 ROOM|80+|500m-1km|13+,810000.0
HOUGANG|4 ROOM|80+|500m-1km|7-12,780000.0
HOUGANG|4 ROOM|80+|<500m|1-6,750000.0
HOUGANG|4 ROOM|80+|<500m|13+,850000.0
HOUGANG|4 ROOM|80+|<500m|7-12,795000.0
HOUGANG|4 ROOM|80+|>1km|1-6,625000.0
HOUGANG|4 ROOM|80+|>1km|13+,688888.0
HOUGANG|4 ROOM|80+|>1km|7-12,675000.0
HOUGANG|4 ROOM|<60|500m-1km|1-6,537500.0
HOUGANG|4 ROOM|<60|500m-1km|13+,520000.0
HOUGANG|4 ROOM|<60|500m-1km|7-12,557500.0
HOUGANG|4 ROOM|<60|<500m|1-6,579000.0
HOUGANG|4 ROOM|<60|<500m|13+,600000.0
HOUGANG|4 ROOM|<60|<500m|7-12,660000.0
HOUGANG|4 ROOM|<60|>1km|1-6,532000.0
HOUGANG|4 ROOM|<60|>1km|7-12,595000.0
HOUGANG|5 ROOM|60-79|500m-1km|1-6,726500.0
HOUGANG|5 ROOM|60-79|500m-1km|13+,830000.0
HOUGANG|5 ROOM|60-79|500m-1km|7-12,765000.0
HOUGANG|5 ROOM|60-79|<500m|1-6,765000.0
HOUGANG|5 ROOM|60-79|<500m|13+,938000.0
HOUGANG|5 ROOM|60-79|<500m|7-12,838888.0
HOUGANG|5 ROOM|60-79|>1km|1-6,670088.0
HOUGANG|5 ROOM|60-79|>1km|13+,789900.0
HOUGANG|5 ROOM|60-79|>1km|7-12,740000.0
HOUGANG|5 ROOM|80+|500m-1km|1-6,882500.0
HOUGANG|5 ROOM|80+|500m-1km|13+,1073888.0
HOUGANG|5 ROOM|80+|500m-1km|7-12,989000.0
HOUGANG|5 ROOM|80+|>1km|1-6,850000.0
HOUGANG|5 ROOM|80+|>1km|13+,900888.0
HOUGANG|5 ROOM|80+|>1km|7-12,828000.0
HOUGANG|5 ROOM|<60|500m-1km|1-6,700000.0
HOUGANG|5 ROOM|<60|500m-1km|13+,780000.0
HOUGANG|5 ROOM|<60|500m-1km|7-12,723000.0
HOUGANG|5 ROOM|<60|<500m|1-6,754000.0
HOUGANG|5 ROOM|<60|<500m|13+,763000.0
HOUGANG|5 ROOM|<60|<500m|7-12,870000.0
HOUGANG|5 ROOM|<60|>1km|1-6,888000.0
HOUGANG|5 ROOM|<60|>1km|7-12,747944.0
HOUGANG|EXECUTIVE|60-79|500m-1km|1-6,978000.0
HOUGANG|EXECUTIVE|60-79|500m-1km|13+,908000.0
HOUGANG|EXECUTIVE|60-79|500m-1km|7-12,966000.0
HOUGANG|EXECUTIVE|60-79|<500m|1-6,1000000.0
HOUGANG|EXECUTIVE|60-79|<500m|7-12,1086500.0
HOUGANG|EXECUTIVE|60-79|>1km|1-6,909940.0
HOUGANG|EXECUTIVE|60-79|>1km|13+,990000.0
HOUGANG|EXECUTIVE|60-79|>1km|7-12,881888.0
HOUGANG|EXECUTIVE|<60|500m-1km|1-6,960000.0
HOUGANG|EXECUTIVE|<60|500m-1km|13+,918000.0
HOUGANG|EXECUTIVE|<60|500m-1km|7-12,983888.0
HOUGANG|EXECUTIVE|<60|<500m|1-6,948000.0
HOUGANG|EXECUTIVE|<60|<500m|7-12,1055000.0
HOUGANG|EXECUTIVE|<60|>1km|1-6,938000.0
HOUGANG|EXECUTIVE|<60|>1km|7-12,890000.0
JURONG EAST|2 ROOM|80+|500m-1km|1-6,340000.0
JURONG EAST|2 ROOM|80+|500m-1km|13+,358000.0
JURONG EAST|2 ROOM|80+|500m-1km|7-12,352000.0
JURONG EAST|2 ROOM|80+|>1km|1-6,350000.0
JURONG EAST|2 ROOM|80+|>1km|13+,368888.0
JURONG EAST|2 ROOM|80+|>1km|7-12,355000.0
JURONG EAST|3 ROOM|60-79|<500m|1-6,410000.0
JURONG EAST|3 ROOM|80+|500m-1km|1-6,470000.0
JURONG EAST|3 ROOM|80+|500m-1km|13+,499944.0
JURONG EAST|3 ROOM|80+|500m-1km|7-12,491500.0
JURONG EAST|3 ROOM|80+|>1km|1-6,458000.0
JURONG EAST|3 ROOM|80+|>1km|13+,515944.0
JURONG EAST|3 ROOM|80+|>1km|7-12,494500.0
JURONG EAST|3 ROOM|<60|500m-1km|1-6,405444.0
JURONG EAST|3 ROOM|<60|500m-1km|13+,412500.0
JURONG EAST|3 ROOM|<60|500m-1km|7-12,410000.0
JURONG EAST|3 ROOM|<60|<500m|1-6,400000.0
JURONG EAST|3 ROOM|<60|<500m|13+,458000.0
JURONG EAST|3 ROOM|<60|<500m|7-12,412500.0
JURONG EAST|3 ROOM|<60|>1km|1-6,347500.0
JURONG EAST|3 ROOM|<60|>1km|13+,355000.0
JURONG EAST|3 ROOM|<60|>1km|7-12,370000.0
JURONG EAST|4 ROOM|60-79|500m-1km|1-6,577500.0
JURONG EAST|4 ROOM|60-79|500m-1km|13+,645000.0
JURONG EAST|4 ROOM|60-79|500m-1km|7-12,600000.0
JURONG EAST|4 ROOM|60-79|<500m|7-12,532500.0
JURONG EAST|4 ROOM|60-79|>1km|1-6,498000.0
JURONG EAST|4 ROOM|60-79|>1km|13+,535000.0
JURONG EAST|4 ROOM|60-79|>1km|7-12,530000.0
JURONG EAST|4 ROOM|80+|>1km|1-6,558888.0
JURONG EAST|4 ROOM|80+|>1km|13+,649444.0
JURONG EAST|4 ROOM|80+|>1km|7-12,597000.0
JURONG EAST|4 ROOM|<60|500m-1km|1-6,515000.0
JURONG EAST|4 ROOM|<60|500m-1km|7-12,539000.0
JURONG EAST|4 ROOM|<60|<500m|1-6,510000.0
JURONG EAST|4 ROOM|<60|<500m|7-12,540000.0
JURONG EAST|4 ROOM|<60|>1km|1-6,460000.0
JURONG EAST|4 ROOM|<60|>1km|13+,472888.0
JURONG EAST|4 ROOM|<60|>1km|7-12,482500.0
JURONG EAST|5 ROOM|60-79|500m-1km|1-6,722500.0
JURONG EAST|5 ROOM|60-79|500m-1km|13+,818000.0
JURONG EAST|5 ROOM|60-79|500m-1km|7-12,790444.0
JURONG EAST|5 ROOM|60-79|<500m|13+,869000.0
JURONG EAST|5 ROOM|60-79|<500m|7-12,723000.0
JURONG EAST|5 ROOM|60-79|>1km|1-6,623000.0
JURONG EAST|5 ROOM|60-79|>1km|13+,723000.0
JURONG EAST|5 ROOM|60-79|>1km|7-12,688000.0
JURONG EAST|5 ROOM|80+|>1km|1-6,700000.0
JURONG EAST|5 ROOM|80+|>1km|13+,764000.0
JURONG EAST|5 ROOM|<60|500m-1km|1-6,630000.0
JURONG EAST|5 ROOM|<60|500m-1km|13+,725000.0
JURONG EAST|5 ROOM|<60|500m-1km|7-12,648000.0
JURONG EAST|5 ROOM|<60|<500m|1-6,667500.0
JURONG EAST|5 ROOM|<60|<500m|13+,695000.0
JURONG EAST|5 ROOM|<60|<500m|7-12,650000.0
JURONG EAST|5 ROOM|<60|>1km|1-6,512500.0
JURONG EAST|5 ROOM|<60|>1km|13+,600000.0
JURONG EAST|5 ROOM|<60|>1km|7-12,549000.0
JURONG EAST|EXECUTIVE|60-79|500m-1km|1-6,931500.0
JURONG EAST|EXECUTIVE|60-79|500m-1km|13+,1052000.0
JURONG EAST|EXECUTIVE|60-79|500m-1km|7-12,1018000.0
JURONG EAST|EXECUTIVE|<60|500m-1km|1-6,768600.0
JURONG EAST|EXECUTIVE|<60|500m-1km|13+,868000.0
JURONG EAST|EXECUTIVE|<60|500m-1km|7-12,800000.0
JURONG EAST|EXECUTIVE|<60|>1km|1-6,850000.0
JURONG WEST|2 ROOM|80+|<500m|1-6,325000.0
JURONG WEST|2 ROOM|80+|<500m|7-12,387000.0
JURONG WEST|2 ROOM|80+|>1km|1-6,360000.0
JURONG WEST|2 ROOM|80+|>1km|13+,361500.0
JURONG WEST|2 ROOM|80+|>1km|7-12,365000.0
JURONG WEST|2 ROOM|<60|500m-1km|7-12,300000.0
JURONG WEST|3 ROOM|60-79|500m-1km|1-6,400000.0
JURONG WEST|3 ROOM|60-79|500m-1km|7-12,402000.0
JURONG WEST|3 ROOM|60-79|>1km|1-6,389000.0
JURONG WEST|3 ROOM|60-79|>1km|7-12,400000.0
JURONG WEST|3 ROOM|80+|500m-1km|1-6,460000.0
JURONG WEST|3 ROOM|80+|500m-1km|13+,513888.0
JURONG WEST|3 ROOM|80+|500m-1km|7-12,488888.0
JURONG WEST|3 ROOM|80+|<500m|1-6,520000.0
JURONG WEST|3 ROOM|80+|<500m|13+,603444.0
JURONG WEST|3 ROOM|80+|<500m|7-12,589444.0
JURONG WEST|3 ROOM|80+|>1km|1-6,485000.0
JURONG WEST|3 ROOM|80+|>1km|13+,516444.0
JURONG WEST|3 ROOM|80+|>1km|7-12,510000.0
JURONG WEST|3 ROOM|<60|500m-1km|1-6,368000.0
JURONG WEST|3 ROOM|<60|500m-1km|13+,320888.0
JURONG WEST|3 ROOM|<60|500m-1km|7-12,400000.0
JURONG WEST|3 ROOM|<60|<500m|1-6,417500.0
JURONG WEST|3 ROOM|<60|<500m|13+,435000.0
JURONG WEST|3 ROOM|<60|<500m|7-12,444000.0
JURONG WEST|3 ROOM|<60|>1km|1-6,330000.0
JURONG WEST|3 ROOM|<60|>1km|13+,350000.0
JURONG WEST|3 ROOM|<60|>1km|7-12,306500.0
JURONG WEST|4 ROOM|60-79|500m-1km|1-6,510000.0
JURONG WEST|4 ROOM|60-79|500m-1km|13+,561444.0
JURONG WEST|4 ROOM|60-79|500m-1km|7-12,536500.0
JURONG WEST|4 ROOM|60-79|<500m|1-6,525000.0
JURONG WEST|4 ROOM|60-79|<500m|13+,582500.0
JURONG WEST|4 ROOM|60-79|<500m|7-12,559444.0
JURONG WEST|4 ROOM|60-79|>1km|1-6,503000.0
JURONG WEST|4 ROOM|60-79|>1km|13+,526500.0
JURONG WEST|4 ROOM|60-79|>1km|7-12,507500.0
JURONG WEST|4 ROOM|80+|500m-1km|1-6,581944.0
JURONG WEST|4 ROOM|80+|500m-1km|13+,667500.0
JURONG WEST|4 ROOM|80+|500m-1km|7-12,638000.0
JURONG WEST|4 ROOM|80+|<500m|1-6,530000.0
JURONG WEST|4 ROOM|80+|<500m|13+,750888.0
JURONG WEST|4 ROOM|80+|<500m|7-12,580000.0
JURONG WEST|4 ROOM|80+|>1km|1-6,601500.0
JURONG WEST|4 ROOM|80+|>1km|13+,651444.0
JURONG WEST|4 ROOM|80+|>1km|7-12,633944.0
JURONG WEST|4 ROOM|<60|500m-1km|1-6,495000.0
JURONG WEST|4 ROOM|<60|500m-1km|7-12,515000.0
JURONG WEST|4 ROOM|<60|<500m|1-6,595000.0
JURONG WEST|4 ROOM|<60|<500m|13+,612944.0
JURONG WEST|4 ROOM|<60|<500m|7-12,580000.0
JURONG WEST|4 ROOM|<60|>1km|1-6,465000.0
JURONG WEST|4 ROOM|<60|>1km|13+,500000.0
JURONG WEST|4 ROOM|<60|>1km|7-12,518000.0
JURONG WEST|5 ROOM|60-79|500m-1km|1-6,590000.0
JURONG WEST|5 ROOM|60-79|500m-1km|13+,650000.0
JURONG WEST|5 ROOM|60-79|500m-1km|7-12,635500.0
JURONG WEST|5 ROOM|60-79|<500m|1-6,622000.0
JURONG WEST|5 ROOM|60-79|<500m|13+,673500.0
JURONG WEST|5 ROOM|60-79|<500m|7-12,668000.0
JURONG WEST|5 ROOM|60-79|>1km|1-6,576500.0
JURONG WEST|5 ROOM|60-79|>1km|13+,610000.0
JURONG WEST|5 ROOM|60-79|>1km|7-12,588000.0
JURONG WEST|5 ROOM|80+|500m-1km|1-6,665000.0
JURONG WEST|5 ROOM|80+|500m-1km|13+,628000.0
JURONG WEST|5 ROOM|80+|500m-1km|7-12,630000.0
JURONG WEST|5 ROOM|80+|<500m|1-6,631500.0
JURONG WEST|5 ROOM|80+|<500m|13+,648000.0
JURONG WEST|5 ROOM|80+|<500m|7-12,619000.0
JURONG WEST|5 ROOM|80+|>1km|1-6,688000.0
JURONG WEST|5 ROOM|80+|>1km|13+,779444.0
JURONG WEST|5 ROOM|80+|>1km|7-12,738000.0
JURONG WEST|5 ROOM|<60|500m-1km|1-6,605000.0
JURONG WEST|5 ROOM|<60|500m-1km|13+,627500.0
JURONG WEST|5 ROOM|<60|500m-1km|7-12,660000.0
JURONG WEST|5 ROOM|<60|<500m|1-6,620888.0
JURONG WEST|5 ROOM|<60|>1km|1-6,645000.0
JURONG WEST|5 ROOM|<60|>1km|7-12,675000.0
JURONG WEST|EXECUTIVE|60-79|500m-1km|1-6,795000.0
JURONG WEST|EXECUTIVE|60-79|500m-1km|13+,765888.0
JURONG WEST|EXECUTIVE|60-79|500m-1km|7-12,803000.0
JURONG WEST|EXECUTIVE|60-79|<500m|1-6,765000.0
JURONG WEST|EXECUTIVE|60-79|<500m|13+,821500.0
JURONG WEST|EXECUTIVE|60-79|<500m|7-12,789444.0
JURONG WEST|EXECUTIVE|60-79|>1km|1-6,725000.0
JURONG WEST|EXECUTIVE|60-79|>1km|13+,810000.0
JURONG WEST|EXECUTIVE|60-79|>1km|7-12,785000.0
JURONG WEST|EXECUTIVE|<60|<500m|1-6,841500.0
JURONG WEST|EXECUTIVE|<60|<500m|7-12,869888.0
JURONG WEST|EXECUTIVE|<60|>1km|1-6,725500.0
JURONG WEST|EXECUTIVE|<60|>1km|7-12,773500.0
KALLANG/WHAMPOA|2 ROOM|<60|<500m|1-6,327500.0
KALLANG/WHAMPOA|2 ROOM|<60|<500m|13+,362500.0
KALLANG/WHAMPOA|2 ROOM|<60|<500m|7-12,321500.0
KALLANG/WHAMPOA|3 ROOM|60-79|500m-1km|1-6,513888.0
KALLANG/WHAMPOA|3 ROOM|60-79|<500m|1-6,545444.0
KALLANG/WHAMPOA|3 ROOM|60-79|<500m|13+,674000.0
KALLANG/WHAMPOA|3 ROOM|60-79|<500m|7-12,675000.0
KALLANG/WHAMPOA|3 ROOM|80+|500m-1km|1-6,584444.0
KALLANG/WHAMPOA|3 ROOM|80+|500m-1km|13+,677500.0
KALLANG/WHAMPOA|3 ROOM|80+|500m-1km|7-12,667500.0
KALLANG/WHAMPOA|3 ROOM|80+|<500m|1-6,733000.0
KALLANG/WHAMPOA|3 ROOM|80+|<500m|13+,845000.0
KALLANG/WHAMPOA|3 ROOM|80+|<500m|7-12,792000.0
KALLANG/WHAMPOA|3 ROOM|<60|500m-1km|1-6,366500.0
KALLANG/WHAMPOA|3 ROOM|<60|500m-1km|13+,370000.0
KALLANG/WHAMPOA|3 ROOM|<60|500m-1km|7-12,385000.0
KALLANG/WHAMPOA|3 ROOM|<60|<500m|1-6,411000.0
KALLANG/WHAMPOA|3 ROOM|<60|<500m|13+,460000.0
KALLANG/WHAMPOA|3 ROOM|<60|<500m|7-12,460000.0
KALLANG/WHAMPOA|4 ROOM|60-79|500m-1km|1-6,680000.0
KALLANG/WHAMPOA|4 ROOM|60-79|500m-1km|13+,840000.0
KALLANG/WHAMPOA|4 ROOM|60-79|500m-1km|7-12,730000.0
KALLANG/WHAMPOA|4 ROOM|60-79|<500m|1-6,840000.0
KALLANG/WHAMPOA|4 ROOM|60-79|<500m|13+,930000.0
KALLANG/WHAMPOA|4 ROOM|60-79|<500m|7-12,852500.0
KALLANG/WHAMPOA|4 ROOM|60-79|>1km|1-6,720000.0
KALLANG/WHAMPOA|4 ROOM|80+|500m-1km|1-6,819444.0
KALLANG/WHAMPOA|4 ROOM|80+|500m-1km|13+,937500.0
KALLANG/WHAMPOA|4 ROOM|80+|500m-1km|7-12,923000.0
KALLANG/WHAMPOA|4 ROOM|80+|<500m|1-6,986888.0
KALLANG/WHAMPOA|4 ROOM|80+|<500m|13+,1140000.0
KALLANG/WHAMPOA|4 ROOM|80+|<500m|7-12,1067944.0
KALLANG/WHAMPOA|4 ROOM|<60|500m-1km|1-6,555500.0
KALLANG/WHAMPOA|4 ROOM|<60|500m-1km|13+,539444.0
KALLANG/WHAMPOA|4 ROOM|<60|500m-1km|7-12,650000.0
KALLANG/WHAMPOA|4 ROOM|<60|<500m|1-6,602500.0
KALLANG/WHAMPOA|4 ROOM|<60|<500m|13+,655000.0
KALLANG/WHAMPOA|4 ROOM|<60|<500m|7-12,647750.0
KALLANG/WHAMPOA|5 ROOM|60-79|500m-1km|1-6,890000.0
KALLANG/WHAMPOA|5 ROOM|60-79|500m-1km|13+,860000.0
KALLANG/WHAMPOA|5 ROOM|60-79|500m-1km|7-12,925000.0
KALLANG/WHAMPOA|5 ROOM|60-79|<500m|1-6,970000.0
KALLANG/WHAMPOA|5 ROOM|60-79|<500m|13+,1160000.0
KALLANG/WHAMPOA|5 ROOM|60-79|<500m|7-12,1045000.0
KALLANG/WHAMPOA|5 ROOM|60-79|>1km|1-6,895000.0
KALLANG/WHAMPOA|5 ROOM|80+|<500m|1-6,1330000.0
KALLANG/WHAMPOA|5 ROOM|80+|<500m|13+,1440000.0
KALLANG/WHAMPOA|5 ROOM|80+|<500m|7-12,1267500.0
KALLANG/WHAMPOA|5 ROOM|<60|500m-1km|1-6,700000.0
KALLANG/WHAMPOA|5 ROOM|<60|500m-1km|13+,836000.0
KALLANG/WHAMPOA|5 ROOM|<60|500m-1km|7-12,730000.0
KALLANG/WHAMPOA|5 ROOM|<60|<500m|1-6,775000.0
KALLANG/WHAMPOA|5 ROOM|<60|<500m|13+,780500.0
KALLANG/WHAMPOA|5 ROOM|<60|<500m|7-12,928000.0
KALLANG/WHAMPOA|EXECUTIVE|60-79|500m-1km|1-6,1080000.0
KALLANG/WHAMPOA|EXECUTIVE|60-79|500m-1km|13+,1346000.0
KALLANG/WHAMPOA|EXECUTIVE|60-79|<500m|7-12,1164000.0
KALLANG/WHAMPOA|EXECUTIVE|<60|500m-1km|1-6,880000.0
KALLANG/WHAMPOA|EXECUTIVE|<60|500m-1km|7-12,988000.0
KALLANG/WHAMPOA|EXECUTIVE|<60|<500m|1-6,970000.0
MARINE PARADE|2 ROOM|<60|<500m|13+,318000.0
MARINE PARADE|3 ROOM|<60|<500m|1-6,450000.0
MARINE PARADE|3 ROOM|<60|<500m|13+,476500.0
MARINE PARADE|3 ROOM|<60|<500m|7-12,489000.0
MARINE PARADE|4 ROOM|<60|<500m|1-6,610000.0
MARINE PARADE|4 ROOM|<60|<500m|13+,680000.0
MARINE PARADE|4 ROOM|<60|<500m|7-12,660000.0
MARINE PARADE|5 ROOM|<60|<500m|1-6,888944.0
MARINE PARADE|5 ROOM|<60|<500m|13+,1080000.0
MARINE PARADE|5 ROOM|<60|<500m|7-12,908000.0
PASIR RIS|2 ROOM|60-79|500m-1km|1-6,350000.0
PASIR RIS|2 ROOM|80+|<500m|1-6,410000.0
PASIR RIS|2 ROOM|80+|<500m|7-12,430000.0
PASIR RIS|3 ROOM|80+|<500m|1-6,605000.0
PASIR RIS|3 ROOM|80+|<500m|13+,640000.0
PASIR RIS|3 ROOM|80+|<500m|7-12,627500.0
PASIR RIS|3 ROOM|<60|>1km|1-6,339500.0
PASIR RIS|4 ROOM|60-79|500m-1km|1-6,620000.0
PASIR RIS|4 ROOM|60-79|500m-1km|13+,706888.0
PASIR RIS|4 ROOM|60-79|500m-1km|7-12,640000.0
PASIR RIS|4 ROOM|60-79|<500m|1-6,707500.0
PASIR RIS|4 ROOM|60-79|<500m|13+,750000.0
PASIR RIS|4 ROOM|60-79|<500m|7-12,690000.0
PASIR RIS|4 ROOM|60-79|>1km|1-6,610000.0
PASIR RIS|4 ROOM|60-79|>1km|13+,637944.0
PASIR RIS|4 ROOM|60-79|>1km|7-12,620000.0
PASIR RIS|4 ROOM|80+|500m-1km|1-6,750000.0
PASIR RIS|4 ROOM|80+|500m-1km|13+,777500.0
PASIR RIS|4 ROOM|80+|500m-1km|7-12,758000.0
PASIR RIS|4 ROOM|80+|<500m|1-6,770000.0
PASIR RIS|4 ROOM|80+|<500m|13+,838000.0
PASIR RIS|4 ROOM|80+|<500m|7-12,795044.0
PASIR RIS|5 ROOM|60-79|500m-1km|1-6,705000.0
PASIR RIS|5 ROOM|60-79|500m-1km|13+,828000.0
PASIR RIS|5 ROOM|60-79|500m-1km|7-12,760000.0
PASIR RIS|5 ROOM|60-79|<500m|1-6,788000.0
PASIR RIS|5 ROOM|60-79|<500m|7-12,790000.0
PASIR RIS|5 ROOM|60-79|>1km|1-6,715000.0
PASIR RIS|5 ROOM|60-79|>1km|13+,754000.0
PASIR RIS|5 ROOM|60-79|>1km|7-12,728000.0
PASIR RIS|5 ROOM|80+|500m-1km|1-6,778000.0
PASIR RIS|5 ROOM|80+|<500m|1-6,927500.0
PASIR RIS|5 ROOM|80+|<500m|13+,971500.0
PASIR RIS|5 ROOM|80+|<500m|7-12,945000.0
PASIR RIS|5 ROOM|<60|>1km|1-6,740000.0
PASIR RIS|EXECUTIVE|60-79|500m-1km|1-6,930000.0
PASIR RIS|EXECUTIVE|60-79|500m-1km|13+,995444.0
PASIR RIS|EXECUTIVE|60-79|500m-1km|7-12,950000.0
PASIR RIS|EXECUTIVE|60-79|<500m|1-6,944000.0
PASIR RIS|EXECUTIVE|60-79|<500m|13+,1000000.0
PASIR RIS|EXECUTIVE|60-79|<500m|7-12,1040000.0
PASIR RIS|EXECUTIVE|60-79|>1km|1-6,865000.0
PASIR RIS|EXECUTIVE|60-79|>1km|13+,940000.0
PASIR RIS|EXECUTIVE|60-79|>1km|7-12,899500.0
PUNGGOL|2 ROOM|80+|500m-1km|1-6,385000.0
PUNGGOL|2 ROOM|80+|500m-1km|13+,410000.0
PUNGGOL|2 ROOM|80+|500m-1km|7-12,412500.0
PUNGGOL|2 ROOM|80+|>1km|1-6,365000.0
PUNGGOL|2 ROOM|80+|>1km|13+,396000.0
PUNGGOL|2 ROOM|80+|>1km|7-12,385000.0
PUNGGOL|3 ROOM|80+|500m-1km|1-6,530000.0
PUNGGOL|3 ROOM|80+|500m-1km|13+,586000.0
PUNGGOL|3 ROOM|80+|500m-1km|7-12,545000.0
PUNGGOL|3 ROOM|80+|<500m|1-6,527500.0
PUNGGOL|3 ROOM|80+|<500m|13+,588000.0
PUNGGOL|3 ROOM|80+|<500m|7-12,560944.0
PUNGGOL|3 ROOM|80+|>1km|1-6,520000.0
PUNGGOL|3 ROOM|80+|>1km|13+,562500.0
PUNGGOL|3 ROOM|80+|>1km|7-12,540000.0
PUNGGOL|4 ROOM|60-79|500m-1km|1-6,563000.0
PUNGGOL|4 ROOM|60-79|500m-1km|13+,575444.0
PUNGGOL|4 ROOM|60-79|500m-1km|7-12,588000.0
PUNGGOL|4 ROOM|60-79|<500m|1-6,567500.0
PUNGGOL|4 ROOM|60-79|<500m|13+,644888.0
PUNGGOL|4 ROOM|60-79|<500m|7-12,615000.0
PUNGGOL|4 ROOM|60-79|>1km|1-6,565000.0
PUNGGOL|4 ROOM|60-79|>1km|13+,600000.0
PUNGGOL|4 ROOM|60-79|>1km|7-12,575000.0
PUNGGOL|4 ROOM|80+|500m-1km|1-6,647000.0
PUNGGOL|4 ROOM|80+|500m-1km|13+,726500.0
PUNGGOL|4 ROOM|80+|500m-1km|7-12,686500.0
PUNGGOL|4 ROOM|80+|<500m|1-6,689000.0
PUNGGOL|4 ROOM|80+|<500m|13+,768888.0
PUNGGOL|4 ROOM|80+|<500m|7-12,754444.0
PUNGGOL|4 ROOM|80+|>1km|1-6,633500.0
PUNGGOL|4 ROOM|80+|>1km|13+,680000.0
PUNGGOL|4 ROOM|80+|>1km|7-12,660888.0
PUNGGOL|5 ROOM|60-79|500m-1km|1-6,630000.0
PUNGGOL|5 ROOM|60-79|500m-1km|13+,675000.0
PUNGGOL|5 ROOM|60-79|500m-1km|7-12,647500.0
PUNGGOL|5 ROOM|60-79|<500m|1-6,663488.0
PUNGGOL|5 ROOM|60-79|<500m|13+,700000.0
PUNGGOL|5 ROOM|60-79|<500m|7-12,680000.0
PUNGGOL|5 ROOM|60-79|>1km|1-6,627000.0
PUNGGOL|5 ROOM|60-79|>1km|13+,700000.0
PUNGGOL|5 ROOM|60-79|>1km|7-12,655000.0
PUNGGOL|5 ROOM|80+|500m-1km|1-6,830000.0
PUNGGOL|5 ROOM|80+|500m-1km|13+,920000.0
PUNGGOL|5 ROOM|80+|500m-1km|7-12,875000.0
PUNGGOL|5 ROOM|80+|<500m|1-6,845000.0
PUNGGOL|5 ROOM|80+|<500m|13+,935000.0
PUNGGOL|5 ROOM|80+|<500m|7-12,880000.0
PUNGGOL|5 ROOM|80+|>1km|1-6,797500.0
PUNGGOL|5 ROOM|80+|>1km|13+,842500.0
PUNGGOL|5 ROOM|80+|>1km|7-12,824000.0
PUNGGOL|EXECUTIVE|60-79|500m-1km|13+,850000.0
PUNGGOL|EXECUTIVE|60-79|>1km|1-6,774000.0
PUNGGOL|EXECUTIVE|60-79|>1km|13+,850000.0
PUNGGOL|EXECUTIVE|60-79|>1km|7-12,835000.0
QUEENSTOWN|2 ROOM|80+|500m-1km|13+,672500.0
QUEENSTOWN|2 ROOM|80+|500m-1km|7-12,544500.0
QUEENSTOWN|2 ROOM|80+|<500m|1-6,530000.0
QUEENSTOWN|2 ROOM|80+|<500m|13+,515000.0
QUEENSTOWN|2 ROOM|80+|<500m|7-12,510000.0
QUEENSTOWN|2 ROOM|<60|500m-1km|1-6,270000.0
QUEENSTOWN|2 ROOM|<60|500m-1km|7-12,300000.0
QUEENSTOWN|2 ROOM|<60|<500m|1-6,282500.0
QUEENSTOWN|2 ROOM|<60|<500m|13+,297000.0
QUEENSTOWN|2 ROOM|<60|<500m|7-12,300000.0
QUEENSTOWN|3 ROOM|80+|500m-1km|1-6,735000.0
QUEENSTOWN|3 ROOM|80+|500m-1km|13+,828000.0
QUEENSTOWN|3 ROOM|80+|500m-1km|7-12,776000.0
QUEENSTOWN|3 ROOM|80+|<500m|1-6,690000.0
QUEENSTOWN|3 ROOM|80+|<500m|13+,800000.0
QUEENSTOWN|3 ROOM|80+|<500m|7-12,778000.0
QUEENSTOWN|3 ROOM|<60|500m-1km|1-6,355000.0
QUEENSTOWN|3 ROOM|<60|500m-1km|13+,407500.0
QUEENSTOWN|3 ROOM|<60|500m-1km|7-12,370000.0
QUEENSTOWN|3 ROOM|<60|<500m|1-6,360000.0
QUEENSTOWN|3 ROOM|<60|<500m|13+,470000.0
QUEENSTOWN|3 ROOM|<60|<500m|7-12,395000.0
QUEENSTOWN|4 ROOM|60-79|500m-1km|1-6,802444.0
QUEENSTOWN|4 ROOM|60-79|500m-1km|13+,937500.0
QUEENSTOWN|4 ROOM|60-79|500m-1km|7-12,841500.0
QUEENSTOWN|4 ROOM|60-79|<500m|1-6,910250.0
QUEENSTOWN|4 ROOM|60-79|<500m|13+,988000.0
QUEENSTOWN|4 ROOM|60-79|<500m|7-12,902500.0
QUEENSTOWN|4 ROOM|80+|500m-1km|1-6,945000.0
QUEENSTOWN|4 ROOM|80+|500m-1km|13+,1112100.0
QUEENSTOWN|4 ROOM|80+|500m-1km|7-12,1059000.0
QUEENSTOWN|4 ROOM|80+|<500m|1-6,954000.0
QUEENSTOWN|4 ROOM|80+|<500m|13+,1080000.0
QUEENSTOWN|4 ROOM|80+|<500m|7-12,1000000.0
QUEENSTOWN|4 ROOM|<60|500m-1km|1-6,480000.0
QUEENSTOWN|4 ROOM|<60|500m-1km|13+,528000.0
QUEENSTOWN|4 ROOM|<60|500m-1km|7-12,610000.0
QUEENSTOWN|4 ROOM|<60|<500m|1-6,580000.0
QUEENSTOWN|4 ROOM|<60|<500m|13+,630000.0
QUEENSTOWN|4 ROOM|<60|<500m|7-12,620000.0
QUEENSTOWN|5 ROOM|60-79|500m-1km|13+,1099000.0
QUEENSTOWN|5 ROOM|60-79|<500m|1-6,1205000.0
QUEENSTOWN|5 ROOM|60-79|<500m|13+,1278000.0
QUEENSTOWN|5 ROOM|60-79|<500m|7-12,1120000.0
QUEENSTOWN|5 ROOM|80+|500m-1km|1-6,1497500.0
QUEENSTOWN|5 ROOM|80+|500m-1km|13+,1490000.0
QUEENSTOWN|5 ROOM|80+|500m-1km|7-12,1430000.0
QUEENSTOWN|5 ROOM|80+|<500m|1-6,1239444.0
QUEENSTOWN|5 ROOM|80+|<500m|13+,1412500.0
QUEENSTOWN|5 ROOM|80+|<500m|7-12,1100000.0
QUEENSTOWN|5 ROOM|<60|500m-1km|1-6,850000.0
QUEENSTOWN|5 ROOM|<60|500m-1km|13+,842000.0
QUEENSTOWN|5 ROOM|<60|500m-1km|7-12,841944.0
QUEENSTOWN|5 ROOM|<60|<500m|1-6,960000.0
QUEENSTOWN|5 ROOM|<60|<500m|13+,1020000.0
QUEENSTOWN|5 ROOM|<60|<500m|7-12,981500.0
QUEENSTOWN|EXECUTIVE|60-79|500m-1km|13+,1170000.0
QUEENSTOWN|EXECUTIVE|60-79|<500m|1-6,1375000.0
QUEENSTOWN|EXECUTIVE|60-79|<500m|7-12,1460000.0
SEMBAWANG|2 ROOM|80+|500m-1km|1-6,365000.0
SEMBAWANG|2 ROOM|80+|500m-1km|13+,378000.0
SEMBAWANG|2 ROOM|80+|500m-1km|7-12,370000.0
SEMBAWANG|2 ROOM|80+|<500m|1-6,385000.0
SEMBAWANG|2 ROOM|80+|<500m|7-12,417500.0
SEMBAWANG|3 ROOM|80+|500m-1km|1-6,500000.0
SEMBAWANG|3 ROOM|80+|500m-1km|13+,522500.0
SEMBAWANG|3 ROOM|80+|500m-1km|7-12,510888.0
SEMBAWANG|3 ROOM|80+|<500m|1-6,550000.0
SEMBAWANG|3 ROOM|80+|<500m|13+,550000.0
SEMBAWANG|3 ROOM|80+|<500m|7-12,565000.0
SEMBAWANG|4 ROOM|60-79|500m-1km|1-6,516000.0
SEMBAWANG|4 ROOM|60-79|500m-1km|13+,540000.0
SEMBAWANG|4 ROOM|60-79|500m-1km|7-12,535000.0
SEMBAWANG|4 ROOM|60-79|<500m|1-6,533750.0
SEMBAWANG|4 ROOM|60-79|<500m|13+,565000.0
SEMBAWANG|4 ROOM|60-79|<500m|7-12,555000.0
SEMBAWANG|4 ROOM|60-79|>1km|1-6,505000.0
SEMBAWANG|4 ROOM|60-79|>1km|13+,536500.0
SEMBAWANG|4 ROOM|60-79|>1km|7-12,525000.0
SEMBAWANG|4 ROOM|80+|500m-1km|1-6,600000.0
SEMBAWANG|4 ROOM|80+|500m-1km|13+,640888.0
SEMBAWANG|4 ROOM|80+|500m-1km|7-12,650000.0
SEMBAWANG|4 ROOM|80+|<500m|1-6,680000.0
SEMBAWANG|4 ROOM|80+|<500m|13+,683888.0
SEMBAWANG|4 ROOM|80+|<500m|7-12,752000.0
SEMBAWANG|5 ROOM|60-79|500m-1km|1-6,578000.0
SEMBAWANG|5 ROOM|60-79|500m-1km|13+,616500.0
SEMBAWANG|5 ROOM|60-79|500m-1km|7-12,602500.0
SEMBAWANG|5 ROOM|60-79|<500m|1-6,638000.0
SEMBAWANG|5 ROOM|60-79|<500m|13+,675000.0
SEMBAWANG|5 ROOM|60-79|<500m|7-12,640888.0
SEMBAWANG|5 ROOM|60-79|>1km|1-6,547500.0
SEMBAWANG|5 ROOM|60-79|>1km|13+,610000.0
SEMBAWANG|5 ROOM|60-79|>1km|7-12,566500.0
SEMBAWANG|5 ROOM|80+|500m-1km|1-6,780694.0
SEMBAWANG|5 ROOM|80+|500m-1km|13+,815000.0
SEMBAWANG|5 ROOM|80+|500m-1km|7-12,856888.0
SEMBAWANG|5 ROOM|80+|<500m|1-6,782500.0
SEMBAWANG|5 ROOM|80+|<500m|13+,836888.0
SEMBAWANG|5 ROOM|80+|<500m|7-12,818000.0
SEMBAWANG|EXECUTIVE|60-79|500m-1km|1-6,720000.0
SEMBAWANG|EXECUTIVE|60-79|500m-1km|13+,726500.0
SEMBAWANG|EXECUTIVE|60-79|500m-1km|7-12,721500.0
SEMBAWANG|EXECUTIVE|60-79|<500m|1-6,756944.0
SEMBAWANG|EXECUTIVE|60-79|<500m|13+,825000.0
SEMBAWANG|EXECUTIVE|60-79|<500m|7-12,815000.0
SENGKANG|2 ROOM|60-79|500m-1km|1-6,380000.0
SENGKANG|2 ROOM|80+|500m-1km|1-6,385000.0
SENGKANG|2 ROOM|80+|500m-1km|13+,416000.0
SENGKANG|2 ROOM|80+|500m-1km|7-12,383000.0
SENGKANG|2 ROOM|80+|>1km|1-6,370000.0
SENGKANG|2 ROOM|80+|>1km|13+,390000.0
SENGKANG|2 ROOM|80+|>1km|7-12,395000.0
SENGKANG|3 ROOM|80+|500m-1km|1-6,515500.0
SENGKANG|3 ROOM|80+|500m-1km|13+,555000.0
SENGKANG|3 ROOM|80+|500m-1km|7-12,549000.0
SENGKANG|3 ROOM|80+|<500m|1-6,605000.0
SENGKANG|3 ROOM|80+|<500m|13+,624000.0
SENGKANG|3 ROOM|80+|<500m|7-12,608000.0
SENGKANG|3 ROOM|80+|>1km|1-6,510000.0
SENGKANG|3 ROOM|80+|>1km|13+,553000.0
SENGKANG|3 ROOM|80+|>1km|7-12,540000.0
SENGKANG|4 ROOM|60-79|500m-1km|1-6,556000.0
SENGKANG|4 ROOM|60-79|500m-1km|13+,590000.0
SENGKANG|4 ROOM|60-79|500m-1km|7-12,580000.0
SENGKANG|4 ROOM|60-79|<500m|1-6,583000.0
SENGKANG|4 ROOM|60-79|<500m|13+,620000.0
SENGKANG|4 ROOM|60-79|<500m|7-12,630000.0
SENGKANG|4 ROOM|60-79|>1km|1-6,550000.0
SENGKANG|4 ROOM|60-79|>1km|13+,582000.0
SENGKANG|4 ROOM|60-79|>1km|7-12,580000.0
SENGKANG|4 ROOM|80+|500m-1km|1-6,630000.0
SENGKANG|4 ROOM|80+|500m-1km|13+,705000.0
SENGKANG|4 ROOM|80+|500m-1km|7-12,688000.0
SENGKANG|4 ROOM|80+|<500m|1-6,732500.0
SENGKANG|4 ROOM|80+|<500m|13+,800000.0
SENGKANG|4 ROOM|80+|<500m|7-12,820000.0
SENGKANG|4 ROOM|80+|>1km|1-6,610000.0
SENGKANG|4 ROOM|80+|>1km|13+,668000.0
SENGKANG|4 ROOM|80+|>1km|7-12,648000.0
SENGKANG|5 ROOM|60-79|500m-1km|1-6,632500.0
SENGKANG|5 ROOM|60-79|500m-1km|13+,680000.0
SENGKANG|5 ROOM|60-79|500m-1km|7-12,660500.0
SENGKANG|5 ROOM|60-79|<500m|1-6,664000.0
SENGKANG|5 ROOM|60-79|<500m|13+,730000.0
SENGKANG|5 ROOM|60-79|<500m|7-12,716500.0
SENGKANG|5 ROOM|60-79|>1km|1-6,622500.0
SENGKANG|5 ROOM|60-79|>1km|13+,680000.0
SENGKANG|5 ROOM|60-79|>1km|7-12,648000.0
SENGKANG|5 ROOM|80+|500m-1km|1-6,780000.0
SENGKANG|5 ROOM|80+|500m-1km|13+,874500.0
SENGKANG|5 ROOM|80+|500m-1km|7-12,850888.0
SENGKANG|5 ROOM|80+|<500m|1-6,931999.5
SENGKANG|5 ROOM|80+|<500m|13+,1016500.0
SENGKANG|5 ROOM|80+|<500m|7-12,1029000.0
SENGKANG|5 ROOM|80+|>1km|1-6,745000.0
SENGKANG|5 ROOM|80+|>1km|13+,806944.0
SENGKANG|5 ROOM|80+|>1km|7-12,800000.0
SENGKANG|EXECUTIVE|60-79|500m-1km|1-6,804400.0
SENGKANG|EXECUTIVE|60-79|500m-1km|13+,850000.0
SENGKANG|EXECUTIVE|60-79|500m-1km|7-12,824000.0
SENGKANG|EXECUTIVE|60-79|<500m|1-6,835000.0
SENGKANG|EXECUTIVE|60-79|<500m|13+,861500.0
SENGKANG|EXECUTIVE|60-79|<500m|7-12,875000.0
SENGKANG|EXECUTIVE|60-79|>1km|1-6,831500.0
SENGKANG|EXECUTIVE|60-79|>1km|13+,865000.0
SENGKANG|EXECUTIVE|60-79|>1km|7-12,858000.0
SERANGOON|3 ROOM|60-79|<500m|1-6,517500.0
SERANGOON|3 ROOM|60-79|>1km|7-12,445000.0
SERANGOON|3 ROOM|<60|500m-1km|1-6,470000.0
SERANGOON|3 ROOM|<60|500m-1km|7-12,490000.0
SERANGOON|3 ROOM|<60|<500m|1-6,480000.0
SERANGOON|3 ROOM|<60|<500m|13+,470000.0
SERANGOON|3 ROOM|<60|<500m|7-12,474000.0
SERANGOON|3 ROOM|<60|>1km|1-6,428000.0
SERANGOON|3 ROOM|<60|>1km|7-12,410000.0
SERANGOON|4 ROOM|60-79|<500m|1-6,813777.5
SERANGOON|4 ROOM|60-79|<500m|13+,910000.0
SERANGOON|4 ROOM|60-79|<500m|7-12,858888.0
SERANGOON|4 ROOM|60-79|>1km|1-6,621500.0
SERANGOON|4 ROOM|60-79|>1km|13+,657888.0
SERANGOON|4 ROOM|60-79|>1km|7-12,643000.0
SERANGOON|4 ROOM|<60|500m-1km|1-6,605000.0
SERANGOON|4 ROOM|<60|500m-1km|13+,650000.0
SERANGOON|4 ROOM|<60|500m-1km|7-12,660000.0
SERANGOON|4 ROOM|<60|<500m|1-6,648500.0
SERANGOON|4 ROOM|<60|<500m|13+,830000.0
SERANGOON|4 ROOM|<60|<500m|7-12,707444.0
SERANGOON|4 ROOM|<60|>1km|1-6,538500.0
SERANGOON|4 ROOM|<60|>1km|7-12,579000.0
SERANGOON|5 ROOM|60-79|<500m|1-6,980000.0
SERANGOON|5 ROOM|60-79|<500m|7-12,1010000.0
SERANGOON|5 ROOM|60-79|>1km|1-6,756500.0
SERANGOON|5 ROOM|60-79|>1km|7-12,819000.0
SERANGOON|5 ROOM|<60|500m-1km|1-6,800000.0
SERANGOON|5 ROOM|<60|500m-1km|13+,888000.0
SERANGOON|5 ROOM|<60|<500m|1-6,931500.0
SERANGOON|5 ROOM|<60|<500m|7-12,925000.0
SERANGOON|5 ROOM|<60|>1km|1-6,692500.0
SERANGOON|5 ROOM|<60|>1km|7-12,708888.0
SERANGOON|EXECUTIVE|60-79|<500m|1-6,1160000.0
SERANGOON|EXECUTIVE|60-79|<500m|13+,1228000.0
SERANGOON|EXECUTIVE|60-79|<500m|7-12,1205000.0
SERANGOON|EXECUTIVE|60-79|>1km|1-6,1017500.0
SERANGOON|EXECUTIVE|60-79|>1km|13+,1130000.0
SERANGOON|EXECUTIVE|60-79|>1km|7-12,1100000.0
SERANGOON|EXECUTIVE|<60|<500m|1-6,1195000.0
SERANGOON|EXECUTIVE|<60|<500m|7-12,1198000.0
SERANGOON|EXECUTIVE|<60|>1km|1-6,938000.0
TAMPINES|2 ROOM|80+|500m-1km|1-6,425000.0
TAMPINES|2 ROOM|80+|500m-1km|13+,466500.0
TAMPINES|2 ROOM|80+|500m-1km|7-12,451900.0
TAMPINES|2 ROOM|80+|<500m|1-6,417588.0
TAMPINES|2 ROOM|80+|<500m|7-12,413944.0
TAMPINES|3 ROOM|60-79|500m-1km|1-6,451000.0
TAMPINES|3 ROOM|60-79|500m-1km|7-12,496444.0
TAMPINES|3 ROOM|60-79|<500m|1-6,492000.0
TAMPINES|3 ROOM|60-79|<500m|7-12,500000.0
TAMPINES|3 ROOM|60-79|>1km|1-6,477500.0
TAMPINES|3 ROOM|60-79|>1km|7-12,494444.0
TAMPINES|3 ROOM|80+|500m-1km|1-6,575000.0
TAMPINES|3 ROOM|80+|500m-1km|13+,640000.0
TAMPINES|3 ROOM|80+|500m-1km|7-12,622500.0
TAMPINES|3 ROOM|80+|<500m|1-6,642500.0
TAMPINES|3 ROOM|80+|<500m|7-12,692000.0
TAMPINES|3 ROOM|80+|>1km|1-6,570000.0
TAMPINES|3 ROOM|80+|>1km|13+,625000.0
TAMPINES|3 ROOM|80+|>1km|7-12,609000.0
TAMPINES|3 ROOM|<60|500m-1km|1-6,459000.0
TAMPINES|3 ROOM|<60|500m-1km|13+,518000.0
TAMPINES|3 ROOM|<60|500m-1km|7-12,472500.0
TAMPINES|3 ROOM|<60|<500m|1-6,478000.0
TAMPINES|3 ROOM|<60|<500m|13+,497500.0
TAMPINES|3 ROOM|<60|<500m|7-12,497194.0
TAMPINES|4 ROOM|60-79|500m-1km|1-6,624000.0
TAMPINES|4 ROOM|60-79|500m-1km|13+,678500.0
TAMPINES|4 ROOM|60-79|500m-1km|7-12,650000.0
TAMPINES|4 ROOM|60-79|<500m|1-6,627500.0
TAMPINES|4 ROOM|60-79|<500m|13+,668000.0
TAMPINES|4 ROOM|60-79|<500m|7-12,655000.0
TAMPINES|4 ROOM|60-79|>1km|1-6,625000.0
TAMPINES|4 ROOM|60-79|>1km|13+,678000.0
TAMPINES|4 ROOM|60-79|>1km|7-12,650000.0
TAMPINES|4 ROOM|80+|500m-1km|1-6,740888.0
TAMPINES|4 ROOM|80+|500m-1km|13+,818000.0
TAMPINES|4 ROOM|80+|500m-1km|7-12,788000.0
TAMPINES|4 ROOM|80+|<500m|1-6,806000.0
TAMPINES|4 ROOM|80+|<500m|13+,843500.0
TAMPINES|4 ROOM|80+|<500m|7-12,865000.0
TAMPINES|4 ROOM|80+|>1km|1-6,735000.0
TAMPINES|4 ROOM|80+|>1km|13+,791944.0
TAMPINES|4 ROOM|80+|>1km|7-12,775000.0
TAMPINES|4 ROOM|<60|500m-1km|1-6,600000.0
TAMPINES|4 ROOM|<60|500m-1km|13+,660000.0
TAMPINES|4 ROOM|<60|500m-1km|7-12,609144.0
TAMPINES|4 ROOM|<60|<500m|1-6,620000.0
TAMPINES|4 ROOM|<60|<500m|13+,650944.0
TAMPINES|4 ROOM|<60|<500m|7-12,640000.0
TAMPINES|5 ROOM|60-79|500m-1km|1-6,750000.0
TAMPINES|5 ROOM|60-79|500m-1km|13+,810000.0
TAMPINES|5 ROOM|60-79|500m-1km|7-12,780000.0
TAMPINES|5 ROOM|60-79|<500m|1-6,750000.0
TAMPINES|5 ROOM|60-79|<500m|7-12,781779.0
TAMPINES|5 ROOM|60-79|>1km|1-6,710000.0
TAMPINES|5 ROOM|60-79|>1km|13+,816000.0
TAMPINES|5 ROOM|60-79|>1km|7-12,790000.0
TAMPINES|5 ROOM|80+|500m-1km|1-6,871944.0
TAMPINES|5 ROOM|80+|500m-1km|13+,939000.0
TAMPINES|5 ROOM|80+|500m-1km|7-12,945000.0
TAMPINES|5 ROOM|80+|<500m|1-6,946444.0
TAMPINES|5 ROOM|80+|<500m|13+,1050000.0
TAMPINES|5 ROOM|80+|<500m|7-12,990000.0
TAMPINES|5 ROOM|80+|>1km|1-6,865000.0
TAMPINES|5 ROOM|80+|>1km|13+,958000.0
TAMPINES|5 ROOM|80+|>1km|7-12,928000.0
TAMPINES|5 ROOM|<60|500m-1km|1-6,720000.0
TAMPINES|5 ROOM|<60|500m-1km|7-12,735000.0
TAMPINES|5 ROOM|<60|<500m|1-6,746500.0
TAMPINES|5 ROOM|<60|<500m|13+,805000.0
TAMPINES|5 ROOM|<60|<500m|7-12,773500.0
TAMPINES|EXECUTIVE|60-79|500m-1km|1-6,980000.0
TAMPINES|EXECUTIVE|60-79|500m-1km|7-12,1008444.0
TAMPINES|EXECUTIVE|60-79|<500m|1-6,964000.0
TAMPINES|EXECUTIVE|60-79|<500m|7-12,1035000.0
TAMPINES|EXECUTIVE|60-79|>1km|1-6,908000.0
TAMPINES|EXECUTIVE|60-79|>1km|13+,965000.0
TAMPINES|EXECUTIVE|60-79|>1km|7-12,1010000.0
TAMPINES|EXECUTIVE|<60|500m-1km|1-6,911000.0
TAMPINES|EXECUTIVE|<60|500m-1km|7-12,918000.0
TAMPINES|EXECUTIVE|<60|<500m|1-6,1038000.0
TAMPINES|EXECUTIVE|<60|<500m|7-12,1054444.0
TOA PAYOH|2 ROOM|<60|500m-1km|1-6,276444.0
TOA PAYOH|2 ROOM|<60|500m-1km|7-12,322500.0
TOA PAYOH|2 ROOM|<60|<500m|1-6,281000.0
TOA PAYOH|2 ROOM|<60|<500m|7-12,278000.0
TOA PAYOH|3 ROOM|60-79|<500m|1-6,664000.0
TOA PAYOH|3 ROOM|80+|500m-1km|1-6,659444.0
TOA PAYOH|3 ROOM|80+|500m-1km|13+,711000.0
TOA PAYOH|3 ROOM|80+|500m-1km|7-12,684000.0
TOA PAYOH|3 ROOM|80+|<500m|1-6,780000.0
TOA PAYOH|3 ROOM|80+|<500m|13+,850000.0
TOA PAYOH|3 ROOM|80+|<500m|7-12,825000.0
TOA PAYOH|3 ROOM|<60|500m-1km|1-6,350000.0
TOA PAYOH|3 ROOM|<60|500m-1km|13+,443944.0
TOA PAYOH|3 ROOM|<60|500m-1km|7-12,355000.0
TOA PAYOH|3 ROOM|<60|<500m|1-6,373500.0
TOA PAYOH|3 ROOM|<60|<500m|13+,395944.0
TOA PAYOH|3 ROOM|<60|<500m|7-12,396500.0
TOA PAYOH|3 ROOM|<60|>1km|1-6,340000.0
TOA PAYOH|3 ROOM|<60|>1km|13+,385344.0
TOA PAYOH|3 ROOM|<60|>1km|7-12,355000.0
TOA PAYOH|4 ROOM|60-79|500m-1km|1-6,680000.0
TOA PAYOH|4 ROOM|60-79|500m-1km|13+,902000.0
TOA PAYOH|4 ROOM|60-79|500m-1km|7-12,680000.0
TOA PAYOH|4 ROOM|60-79|<500m|1-6,840888.0
TOA PAYOH|4 ROOM|60-79|<500m|13+,955000.0
TOA PAYOH|4 ROOM|60-79|<500m|7-12,888000.0
TOA PAYOH|4 ROOM|60-79|>1km|1-6,693888.0
TOA PAYOH|4 ROOM|60-79|>1km|13+,838000.0
TOA PAYOH|4 ROOM|60-79|>1km|7-12,794444.0
TOA PAYOH|4 ROOM|80+|500m-1km|1-6,906500.0
TOA PAYOH|4 ROOM|80+|500m-1km|13+,1017500.0
TOA PAYOH|4 ROOM|80+|500m-1km|7-12,926500.0
TOA PAYOH|4 ROOM|80+|<500m|1-6,1018000.0
TOA PAYOH|4 ROOM|80+|<500m|13+,1128000.0
TOA PAYOH|4 ROOM|80+|<500m|7-12,1100000.0
TOA PAYOH|4 ROOM|<60|500m-1km|1-6,514000.0
TOA PAYOH|4 ROOM|<60|500m-1km|13+,472500.0
TOA PAYOH|4 ROOM|<60|500m-1km|7-12,632500.0
TOA PAYOH|4 ROOM|<60|<500m|1-6,560000.0
TOA PAYOH|4 ROOM|<60|<500m|13+,627000.0
TOA PAYOH|4 ROOM|<60|<500m|7-12,624000.0
TOA PAYOH|4 ROOM|<60|>1km|1-6,415000.0
TOA PAYOH|4 ROOM|<60|>1km|13+,490000.0
TOA PAYOH|4 ROOM|<60|>1km|7-12,482500.0
TOA PAYOH|5 ROOM|60-79|500m-1km|1-6,855000.0
TOA PAYOH|5 ROOM|60-79|500m-1km|13+,1020000.0
TOA PAYOH|5 ROOM|60-79|500m-1km|7-12,881000.0
TOA PAYOH|5 ROOM|60-79|<500m|1-6,1020888.0
TOA PAYOH|5 ROOM|60-79|<500m|13+,1230000.0
TOA PAYOH|5 ROOM|60-79|<500m|7-12,1142000.0
TOA PAYOH|5 ROOM|60-79|>1km|1-6,825000.0
TOA PAYOH|5 ROOM|60-79|>1km|13+,946944.0
TOA PAYOH|5 ROOM|60-79|>1km|7-12,845000.0
TOA PAYOH|5 ROOM|80+|<500m|1-6,1275000.0
TOA PAYOH|5 ROOM|80+|<500m|13+,1485000.0
TOA PAYOH|5 ROOM|80+|<500m|7-12,1355000.0
TOA PAYOH|5 ROOM|<60|500m-1km|1-6,649000.0
TOA PAYOH|5 ROOM|<60|500m-1km|13+,688000.0
TOA PAYOH|5 ROOM|<60|500m-1km|7-12,820000.0
TOA PAYOH|5 ROOM|<60|<500m|1-6,828200.0
TOA PAYOH|5 ROOM|<60|<500m|13+,912300.0
TOA PAYOH|5 ROOM|<60|<500m|7-12,980000.0
TOA PAYOH|5 ROOM|<60|>1km|1-6,531500.0
TOA PAYOH|5 ROOM|<60|>1km|13+,670000.0
TOA PAYOH|5 ROOM|<60|>1km|7-12,706888.0
TOA PAYOH|EXECUTIVE|60-79|500m-1km|7-12,980000.0
TOA PAYOH|EXECUTIVE|60-79|<500m|1-6,1200000.0
TOA PAYOH|EXECUTIVE|60-79|<500m|7-12,1287500.0
TOA PAYOH|EXECUTIVE|60-79|>1km|1-6,963000.0
TOA PAYOH|EXECUTIVE|60-79|>1km|7-12,1138000.0
TOA PAYOH|EXECUTIVE|<60|500m-1km|1-6,980000.0
WOODLANDS|2 ROOM|80+|500m-1km|1-6,360000.0
WOODLANDS|2 ROOM|80+|500m-1km|13+,377500.0
WOODLANDS|2 ROOM|80+|500m-1km|7-12,380000.0
WOODLANDS|2 ROOM|80+|<500m|1-6,377500.0
WOODLANDS|2 ROOM|80+|<500m|13+,399194.0
WOODLANDS|2 ROOM|80+|<500m|7-12,377000.0
WOODLANDS|2 ROOM|<60|>1km|7-12,282888.0
WOODLANDS|3 ROOM|60-79|500m-1km|1-6,439000.0
WOODLANDS|3 ROOM|60-79|<500m|1-6,440000.0
WOODLANDS|3 ROOM|60-79|<500m|7-12,452777.5
WOODLANDS|3 ROOM|60-79|>1km|1-6,358000.0
WOODLANDS|3 ROOM|80+|500m-1km|1-6,490000.0
WOODLANDS|3 ROOM|80+|500m-1km|13+,503000.0
WOODLANDS|3 ROOM|80+|500m-1km|7-12,505000.0
WOODLANDS|3 ROOM|80+|<500m|1-6,509444.0
WOODLANDS|3 ROOM|80+|<500m|13+,558000.0
WOODLANDS|3 ROOM|80+|<500m|7-12,530000.0
WOODLANDS|3 ROOM|<60|500m-1km|1-6,355000.0
WOODLANDS|3 ROOM|<60|500m-1km|13+,377500.0
WOODLANDS|3 ROOM|<60|500m-1km|7-12,349444.0
WOODLANDS|3 ROOM|<60|<500m|1-6,400000.0
WOODLANDS|3 ROOM|<60|<500m|7-12,423444.0
WOODLANDS|3 ROOM|<60|>1km|1-6,368000.0
WOODLANDS|3 ROOM|<60|>1km|13+,403000.0
WOODLANDS|3 ROOM|<60|>1km|7-12,360000.0
WOODLANDS|4 ROOM|60-79|500m-1km|1-6,527000.0
WOODLANDS|4 ROOM|60-79|500m-1km|13+,543750.0
WOODLANDS|4 ROOM|60-79|500m-1km|7-12,540000.0
WOODLANDS|4 ROOM|60-79|<500m|1-6,555000.0
WOODLANDS|4 ROOM|60-79|<500m|13+,590000.0
WOODLANDS|4 ROOM|60-79|<500m|7-12,581000.0
WOODLANDS|4 ROOM|80+|500m-1km|1-6,600000.0
WOODLANDS|4 ROOM|80+|500m-1km|13+,619999.0
WOODLANDS|4 ROOM|80+|500m-1km|7-12,630000.0
WOODLANDS|4 ROOM|80+|<500m|1-6,630088.0
WOODLANDS|4 ROOM|80+|<500m|13+,705000.0
WOODLANDS|4 ROOM|80+|<500m|7-12,662500.0
WOODLANDS|4 ROOM|80+|>1km|13+,626594.0
WOODLANDS|4 ROOM|80+|>1km|7-12,570000.0
WOODLANDS|4 ROOM|<60|500m-1km|1-6,460000.0
WOODLANDS|4 ROOM|<60|500m-1km|13+,395750.0
WOODLANDS|4 ROOM|<60|500m-1km|7-12,521500.0
WOODLANDS|4 ROOM|<60|<500m|1-6,480000.0
WOODLANDS|4 ROOM|<60|<500m|13+,450000.0
WOODLANDS|4 ROOM|<60|<500m|7-12,500000.0
WOODLANDS|4 ROOM|<60|>1km|1-6,434000.0
WOODLANDS|4 ROOM|<60|>1km|13+,435444.0
WOODLANDS|4 ROOM|<60|>1km|7-12,439000.0
WOODLANDS|5 ROOM|60-79|500m-1km|1-6,621444.0
WOODLANDS|5 ROOM|60-79|500m-1km|13+,631500.0
WOODLANDS|5 ROOM|60-79|500m-1km|7-12,649444.0
WOODLANDS|5 ROOM|60-79|<500m|1-6,655000.0
WOODLANDS|5 ROOM|60-79|<500m|13+,695000.0
WOODLANDS|5 ROOM|60-79|<500m|7-12,696888.0
WOODLANDS|5 ROOM|80+|500m-1km|1-6,672500.0
WOODLANDS|5 ROOM|80+|500m-1km|13+,720000.0
WOODLANDS|5 ROOM|80+|500m-1km|7-12,690000.0
WOODLANDS|5 ROOM|80+|<500m|1-6,728000.0
WOODLANDS|5 ROOM|80+|<500m|13+,828500.0
WOODLANDS|5 ROOM|80+|<500m|7-12,777000.0
WOODLANDS|5 ROOM|<60|500m-1km|1-6,555000.0
WOODLANDS|5 ROOM|<60|500m-1km|13+,575000.0
WOODLANDS|5 ROOM|<60|500m-1km|7-12,560000.0
WOODLANDS|5 ROOM|<60|<500m|1-6,596888.0
WOODLANDS|5 ROOM|<60|<500m|7-12,616500.0
WOODLANDS|5 ROOM|<60|>1km|1-6,538000.0
WOODLANDS|5 ROOM|<60|>1km|13+,494444.0
WOODLANDS|5 ROOM|<60|>1km|7-12,545000.0
WOODLANDS|EXECUTIVE|60-79|500m-1km|1-6,950000.0
WOODLANDS|EXECUTIVE|60-79|500m-1km|13+,979444.0
WOODLANDS|EXECUTIVE|60-79|500m-1km|7-12,960000.0
WOODLANDS|EXECUTIVE|60-79|<500m|1-6,855000.0
WOODLANDS|EXECUTIVE|60-79|<500m|13+,888888.0
WOODLANDS|EXECUTIVE|60-79|<500m|7-12,933888.0
WOODLANDS|EXECUTIVE|<60|<500m|1-6,725000.0
YISHUN|2 ROOM|60-79|>1km|1-6,325000.0
YISHUN|2 ROOM|60-79|>1km|7-12,330000.0
YISHUN|2 ROOM|80+|500m-1km|1-6,362000.0
YISHUN|2 ROOM|80+|500m-1km|7-12,378000.0
YISHUN|2 ROOM|80+|>1km|1-6,358000.0
YISHUN|2 ROOM|80+|>1km|13+,374000.0
YISHUN|2 ROOM|80+|>1km|7-12,364000.0
YISHUN|3 ROOM|60-79|500m-1km|1-6,402000.0
YISHUN|3 ROOM|60-79|500m-1km|13+,418000.0
YISHUN|3 ROOM|60-79|500m-1km|7-12,417500.0
YISHUN|3 ROOM|60-79|<500m|1-6,440000.0
YISHUN|3 ROOM|60-79|<500m|7-12,475000.0
YISHUN|3 ROOM|60-79|>1km|1-6,416500.0
YISHUN|3 ROOM|60-79|>1km|7-12,431500.0
YISHUN|3 ROOM|80+|500m-1km|1-6,495000.0
YISHUN|3 ROOM|80+|500m-1km|13+,600000.0
YISHUN|3 ROOM|80+|500m-1km|7-12,530000.0
YISHUN|3 ROOM|80+|<500m|7-12,598000.0
YISHUN|3 ROOM|80+|>1km|1-6,472500.0
YISHUN|3 ROOM|80+|>1km|13+,498888.0
YISHUN|3 ROOM|80+|>1km|7-12,500000.0
YISHUN|3 ROOM|<60|500m-1km|1-6,405000.0
YISHUN|3 ROOM|<60|500m-1km|7-12,414000.0
YISHUN|3 ROOM|<60|<500m|1-6,426500.0
YISHUN|3 ROOM|<60|<500m|7-12,439444.0
YISHUN|3 ROOM|<60|>1km|1-6,403750.0
YISHUN|3 ROOM|<60|>1km|7-12,420000.0
YISHUN|4 ROOM|60-79|500m-1km|1-6,515000.0
YISHUN|4 ROOM|60-79|500m-1km|7-12,530000.0
YISHUN|4 ROOM|60-79|<500m|1-6,548000.0
YISHUN|4 ROOM|60-79|<500m|7-12,603000.0
YISHUN|4 ROOM|60-79|>1km|1-6,511000.0
YISHUN|4 ROOM|60-79|>1km|7-12,528000.0
YISHUN|4 ROOM|80+|500m-1km|1-6,580000.0
YISHUN|4 ROOM|80+|500m-1km|13+,636000.0
YISHUN|4 ROOM|80+|500m-1km|7-12,639000.0
YISHUN|4 ROOM|80+|>1km|1-6,565000.0
YISHUN|4 ROOM|80+|>1km|13+,618000.0
YISHUN|4 ROOM|80+|>1km|7-12,605000.0
YISHUN|4 ROOM|<60|500m-1km|1-6,480000.0
YISHUN|4 ROOM|<60|500m-1km|13+,540000.0
YISHUN|4 ROOM|<60|500m-1km|7-12,510000.0
YISHUN|4 ROOM|<60|<500m|1-6,513000.0
YISHUN|4 ROOM|<60|<500m|7-12,545000.0
YISHUN|4 ROOM|<60|>1km|1-6,500000.0
YISHUN|5 ROOM|60-79|500m-1km|1-6,640000.0
YISHUN|5 ROOM|60-79|500m-1km|13+,645000.0
YISHUN|5 ROOM|60-79|500m-1km|7-12,680000.0
YISHUN|5 ROOM|60-79|<500m|1-6,710000.0
YISHUN|5 ROOM|60-79|<500m|13+,645000.0
YISHUN|5 ROOM|60-79|<500m|7-12,735444.0
YISHUN|5 ROOM|60-79|>1km|1-6,650000.0
YISHUN|5 ROOM|60-79|>1km|7-12,675000.0
YISHUN|5 ROOM|80+|500m-1km|1-6,724500.0
YISHUN|5 ROOM|80+|500m-1km|13+,745000.0
YISHUN|5 ROOM|80+|500m-1km|7-12,756000.0
YISHUN|5 ROOM|80+|>1km|1-6,692500.0
YISHUN|5 ROOM|80+|>1km|13+,700000.0
YISHUN|5 ROOM|80+|>1km|7-12,754444.0
YISHUN|5 ROOM|<60|500m-1km|1-6,630000.0
YISHUN|5 ROOM|<60|500m-1km|7-12,674000.0
YISHUN|5 ROOM|<60|<500m|1-6,626250.0
YISHUN|5 ROOM|<60|<500m|13+,706000.0
YISHUN|5 ROOM|<60|<500m|7-12,670000.0
YISHUN|5 ROOM|<60|>1km|1-6,565000.0
YISHUN|EXECUTIVE|60-79|500m-1km|1-6,925000.0
YISHUN|EXECUTIVE|60-79|500m-1km|7-12,865000.0
YISHUN|EXECUTIVE|60-79|<500m|1-6,860088.0
YISHUN|EXECUTIVE|60-79|<500m|13+,860000.0
YISHUN|EXECUTIVE|60-79|<500m|7-12,980000.0
YISHUN|EXECUTIVE|60-79|>1km|1-6,880000.0
YISHUN|EXECUTIVE|60-79|>1km|7-12,945944.0
YISHUN|EXECUTIVE|<60|500m-1km|1-6,800000.0
YISHUN|EXECUTIVE|<60|500m-1km|7-12,868000.0
YISHUN|EXECUTIVE|<60|<500m|1-6,1128000.0
