name,postal_code
Bukit Batok Polyclinic,659164
Choa Chu Kang Polyclinic,688846
Clementi Polyclinic,120451
Jurong Polyclinic,609788
Pioneer Polyclinic,648201
Queenstown Polyclinic,148958
Tengah Polyclinic,690302
Ang Mo Kio Polyclinic,569666
Geylang Polyclinic,389707
Hougang Polyclinic,538829
Kallang Polyclinic,328263
Khatib Polyclinic,769567
Sembawang Polyclinic,756973
Serangoon Polyclinic,534564
Toa Payoh Polyclinic,319260
Woodlands Polyclinic,738579
Yishun Polyclinic,768898
SHP-Bedok,469662
SHP-Bukit Merah,150163
SHP-Eunos,429400
SHP-Marine Parade,440080
SHP-Outram,168937
SHP-Pasir Ris,519466
SHP-Punggol,820681
SHP-Sengkang,545025
SHP-Tampines,529203
SHP-Tampines North,528566